circuit_name,time_taken,device
ae_indep_qiskit_10.csv,2.0718609571456907,sherbrooke
ae_indep_qiskit_12.csv,9.304319572,sherbrooke
ae_indep_qiskit_2.csv,0.3361607551574707,sherbrooke
ae_indep_qiskit_3.csv,0.4675642967224121,sherbrooke
ae_indep_qiskit_30.csv,16.350975513458252,sherbrooke
ae_indep_qiskit_31.csv,0.4775484800338745,sherbrooke
ae_indep_qiskit_32.csv,0.5460573434829712,sherbrooke
ae_indep_qiskit_33.csv,0.5003453969955445,sherbrooke
ae_indep_qiskit_34.csv,0.38202872276306155,sherbrooke
ae_indep_qiskit_35.csv,0.7868210792541503,sherbrooke
ae_indep_qiskit_36.csv,0.6253758907318115,sherbrooke
ae_indep_qiskit_37.csv,0.5750619411468506,sherbrooke
ae_indep_qiskit_38.csv,0.5551440715789795,sherbrooke
ae_indep_qiskit_39.csv,0.6180171728134155,sherbrooke
ae_indep_qiskit_4.csv,0.42030599117279055,sherbrooke
ae_indep_qiskit_40.csv,0.6137021303176879,sherbrooke
ae_indep_qiskit_41.csv,0.6016708374023437,sherbrooke
ae_indep_qiskit_42.csv,0.8142590045928955,sherbrooke
ae_indep_qiskit_43.csv,0.6607588768005371,sherbrooke
ae_indep_qiskit_44.csv,0.5567534446716309,sherbrooke
ae_indep_qiskit_45.csv,0.5694154977798462,sherbrooke
ae_indep_qiskit_46.csv,0.6170820951461792,sherbrooke
ae_indep_qiskit_47.csv,0.6433910369873047,sherbrooke
ae_indep_qiskit_48.csv,0.588452148,sherbrooke
ae_indep_qiskit_49.csv,0.6622003316879272,sherbrooke
ae_indep_qiskit_5.csv,0.4782318115234375,sherbrooke
ae_indep_qiskit_50.csv,0.7029967069625854,sherbrooke
ae_indep_qiskit_51.csv,0.6542430639266967,sherbrooke
ae_indep_qiskit_52.csv,0.7178868055343628,sherbrooke
ae_indep_qiskit_53.csv,0.6742593050003052,sherbrooke
ae_indep_qiskit_54.csv,0.8885905504226684,sherbrooke
ae_indep_qiskit_55.csv,0.6747671365737915,sherbrooke
ae_indep_qiskit_56.csv,0.6249664783477783,sherbrooke
ae_indep_qiskit_57.csv,0.7281888484954834,sherbrooke
ae_indep_qiskit_58.csv,0.823655653,sherbrooke
ae_indep_qiskit_59.csv,0.8051851987838745,sherbrooke
ae_indep_qiskit_6.csv,0.5132686376571656,sherbrooke
ae_indep_qiskit_60.csv,0.7080979824066163,sherbrooke
ae_indep_qiskit_61.csv,0.6979349374771118,sherbrooke
ae_indep_qiskit_62.csv,1.037165117263794,sherbrooke
ae_indep_qiskit_63.csv,0.7013882160186767,sherbrooke
ae_indep_qiskit_64.csv,0.7923971891403199,sherbrooke
ae_indep_qiskit_65.csv,0.8003514289855957,sherbrooke
ae_indep_qiskit_66.csv,0.817475152,sherbrooke
ae_indep_qiskit_67.csv,0.7995833873748779,sherbrooke
ae_indep_qiskit_7.csv,0.5710584163665772,sherbrooke
ae_indep_qiskit_8.csv,0.428172231,sherbrooke
ae_indep_qiskit_9.csv,1.0736000537872314,sherbrooke
dj_indep_qiskit_10.csv,1.6626896858215332,sherbrooke
dj_indep_qiskit_100.csv,0.5963263034820556,sherbrooke
dj_indep_qiskit_101.csv,0.5192243099212647,sherbrooke
dj_indep_qiskit_102.csv,0.359674072,sherbrooke
dj_indep_qiskit_103.csv,0.4462376594543457,sherbrooke
dj_indep_qiskit_104.csv,0.2913836479187012,sherbrooke
dj_indep_qiskit_105.csv,0.3538137674331665,sherbrooke
dj_indep_qiskit_106.csv,0.48524985313415525,sherbrooke
dj_indep_qiskit_107.csv,0.4607264280319214,sherbrooke
dj_indep_qiskit_108.csv,0.35295844078063965,sherbrooke
dj_indep_qiskit_109.csv,0.5009222984313965,sherbrooke
dj_indep_qiskit_11.csv,3.0354873895645142,sherbrooke
dj_indep_qiskit_110.csv,0.38312180042266847,sherbrooke
dj_indep_qiskit_111.csv,0.49400742053985597,sherbrooke
dj_indep_qiskit_112.csv,0.4021332263946533,sherbrooke
dj_indep_qiskit_113.csv,0.44245312213897703,sherbrooke
dj_indep_qiskit_114.csv,0.42788169384002683,sherbrooke
dj_indep_qiskit_115.csv,0.40451152324676515,sherbrooke
dj_indep_qiskit_116.csv,0.5027714014053345,sherbrooke
dj_indep_qiskit_117.csv,0.5044644832611084,sherbrooke
dj_indep_qiskit_118.csv,0.5026188850402832,sherbrooke
dj_indep_qiskit_119.csv,0.4275155544281006,sherbrooke
dj_indep_qiskit_120.csv,0.449377704,sherbrooke
dj_indep_qiskit_121.csv,0.4618338108062744,sherbrooke
dj_indep_qiskit_122.csv,0.4273193597793579,sherbrooke
dj_indep_qiskit_123.csv,0.4535437345504761,sherbrooke
dj_indep_qiskit_124.csv,0.500124717,sherbrooke
dj_indep_qiskit_125.csv,0.47490553855895995,sherbrooke
dj_indep_qiskit_126.csv,0.45952229499816893,sherbrooke
dj_indep_qiskit_127.csv,0.3503580093383789,sherbrooke
dj_indep_qiskit_16.csv,18.028827404975893,sherbrooke
dj_indep_qiskit_2.csv,0.50060823,sherbrooke
dj_indep_qiskit_3.csv,0.432695198,sherbrooke
dj_indep_qiskit_30.csv,3.194430780410767,sherbrooke
dj_indep_qiskit_31.csv,0.4227992057800293,sherbrooke
dj_indep_qiskit_32.csv,0.39906537532806396,sherbrooke
dj_indep_qiskit_34.csv,0.49870359897613525,sherbrooke
dj_indep_qiskit_35.csv,0.418685246,sherbrooke
dj_indep_qiskit_36.csv,0.38646540641784666,sherbrooke
dj_indep_qiskit_37.csv,0.5019599914550781,sherbrooke
dj_indep_qiskit_38.csv,0.5782247543334961,sherbrooke
dj_indep_qiskit_39.csv,0.3930861711502075,sherbrooke
dj_indep_qiskit_4.csv,0.7071474313735961,sherbrooke
dj_indep_qiskit_40.csv,0.38212127685546876,sherbrooke
dj_indep_qiskit_41.csv,0.3703902721405029,sherbrooke
dj_indep_qiskit_42.csv,0.4323138952255249,sherbrooke
dj_indep_qiskit_43.csv,0.46909921169281005,sherbrooke
dj_indep_qiskit_44.csv,0.32411720752716067,sherbrooke
dj_indep_qiskit_45.csv,0.4327250957489014,sherbrooke
dj_indep_qiskit_46.csv,0.4470649003982544,sherbrooke
dj_indep_qiskit_47.csv,0.46947684288024905,sherbrooke
dj_indep_qiskit_48.csv,0.4445468902587891,sherbrooke
dj_indep_qiskit_49.csv,0.48609561920166017,sherbrooke
dj_indep_qiskit_5.csv,0.393107533,sherbrooke
dj_indep_qiskit_50.csv,0.42827093601226807,sherbrooke
dj_indep_qiskit_51.csv,0.34731197357177734,sherbrooke
dj_indep_qiskit_52.csv,0.4730808973312378,sherbrooke
dj_indep_qiskit_53.csv,0.40277249813079835,sherbrooke
dj_indep_qiskit_54.csv,0.4348400115966797,sherbrooke
dj_indep_qiskit_55.csv,0.4611074209213257,sherbrooke
dj_indep_qiskit_56.csv,0.45657198429107665,sherbrooke
dj_indep_qiskit_57.csv,0.39875876903533936,sherbrooke
dj_indep_qiskit_58.csv,0.48425533771514895,sherbrooke
dj_indep_qiskit_59.csv,0.4751050710678101,sherbrooke
dj_indep_qiskit_6.csv,0.47813441753387453,sherbrooke
dj_indep_qiskit_60.csv,0.38292074203491205,sherbrooke
dj_indep_qiskit_61.csv,0.47374250888824465,sherbrooke
dj_indep_qiskit_62.csv,0.4258622884750366,sherbrooke
dj_indep_qiskit_63.csv,0.41571993827819825,sherbrooke
dj_indep_qiskit_64.csv,0.35686657428741453,sherbrooke
dj_indep_qiskit_65.csv,0.3559437274932861,sherbrooke
dj_indep_qiskit_66.csv,0.4380678653717041,sherbrooke
dj_indep_qiskit_67.csv,0.39544613361358644,sherbrooke
dj_indep_qiskit_68.csv,0.3964177370071411,sherbrooke
dj_indep_qiskit_69.csv,0.4408188104629517,sherbrooke
dj_indep_qiskit_7.csv,0.5037762641906738,sherbrooke
dj_indep_qiskit_70.csv,0.40776135921478274,sherbrooke
dj_indep_qiskit_71.csv,0.42735655307769777,sherbrooke
dj_indep_qiskit_72.csv,0.45202975273132323,sherbrooke
dj_indep_qiskit_73.csv,0.39574422836303713,sherbrooke
dj_indep_qiskit_74.csv,0.39580979347229006,sherbrooke
dj_indep_qiskit_75.csv,0.3971548318862915,sherbrooke
dj_indep_qiskit_76.csv,0.4755770921707153,sherbrooke
dj_indep_qiskit_77.csv,0.42943410873413085,sherbrooke
dj_indep_qiskit_78.csv,0.45108566284179685,sherbrooke
dj_indep_qiskit_79.csv,0.43187999725341797,sherbrooke
dj_indep_qiskit_80.csv,0.3754511833190918,sherbrooke
dj_indep_qiskit_81.csv,0.4747286796569824,sherbrooke
dj_indep_qiskit_82.csv,0.4157112121582031,sherbrooke
dj_indep_qiskit_83.csv,0.7161588668823242,sherbrooke
dj_indep_qiskit_84.csv,0.44108774662017824,sherbrooke
dj_indep_qiskit_85.csv,0.46513330936431885,sherbrooke
dj_indep_qiskit_86.csv,0.5034099340438842,sherbrooke
dj_indep_qiskit_87.csv,0.4888297080993652,sherbrooke
dj_indep_qiskit_88.csv,0.46448988914489747,sherbrooke
dj_indep_qiskit_89.csv,0.390877366,sherbrooke
dj_indep_qiskit_9.csv,0.6553269863128662,sherbrooke
dj_indep_qiskit_90.csv,0.4320152044296265,sherbrooke
dj_indep_qiskit_91.csv,0.47980010509490967,sherbrooke
dj_indep_qiskit_92.csv,0.45600323677062987,sherbrooke
dj_indep_qiskit_93.csv,0.49336392879486085,sherbrooke
dj_indep_qiskit_94.csv,0.3695720911026001,sherbrooke
dj_indep_qiskit_95.csv,0.6638367176055908,sherbrooke
dj_indep_qiskit_96.csv,0.5135997056961059,sherbrooke
dj_indep_qiskit_97.csv,0.4778623104095459,sherbrooke
dj_indep_qiskit_98.csv,0.39988739490509034,sherbrooke
dj_indep_qiskit_99.csv,0.41100614070892333,sherbrooke
ghz_indep_qiskit_10.csv,0.5262966871261596,sherbrooke
ghz_indep_qiskit_100.csv,0.36166858673095703,sherbrooke
ghz_indep_qiskit_101.csv,0.507139778,sherbrooke
ghz_indep_qiskit_102.csv,0.4079226732254028,sherbrooke
ghz_indep_qiskit_103.csv,0.44019293785095215,sherbrooke
ghz_indep_qiskit_104.csv,0.46127026081085204,sherbrooke
ghz_indep_qiskit_105.csv,0.412888241,sherbrooke
ghz_indep_qiskit_106.csv,0.5022902727127075,sherbrooke
ghz_indep_qiskit_107.csv,0.47589829,sherbrooke
ghz_indep_qiskit_108.csv,0.4375124931335449,sherbrooke
ghz_indep_qiskit_109.csv,0.4478961229324341,sherbrooke
ghz_indep_qiskit_11.csv,0.659696388,sherbrooke
ghz_indep_qiskit_110.csv,0.4351579427719116,sherbrooke
ghz_indep_qiskit_111.csv,0.5782414197921752,sherbrooke
ghz_indep_qiskit_112.csv,0.34274916648864745,sherbrooke
ghz_indep_qiskit_113.csv,0.3666817665100098,sherbrooke
ghz_indep_qiskit_114.csv,0.4552480697631836,sherbrooke
ghz_indep_qiskit_115.csv,0.45114994049072266,sherbrooke
ghz_indep_qiskit_116.csv,0.42699906826019285,sherbrooke
ghz_indep_qiskit_117.csv,0.5220978736877442,sherbrooke
ghz_indep_qiskit_118.csv,0.351631236,sherbrooke
ghz_indep_qiskit_119.csv,0.4289943933486938,sherbrooke
ghz_indep_qiskit_12.csv,0.9310943603515625,sherbrooke
ghz_indep_qiskit_120.csv,0.45309982299804685,sherbrooke
ghz_indep_qiskit_121.csv,0.38594770431518555,sherbrooke
ghz_indep_qiskit_122.csv,0.423157787,sherbrooke
ghz_indep_qiskit_123.csv,0.45662150382995603,sherbrooke
ghz_indep_qiskit_124.csv,0.7654261827468872,sherbrooke
ghz_indep_qiskit_125.csv,0.318239427,sherbrooke
ghz_indep_qiskit_126.csv,0.3922530174255371,sherbrooke
ghz_indep_qiskit_127.csv,0.5510147333145141,sherbrooke
ghz_indep_qiskit_13.csv,1.5688405275344848,sherbrooke
ghz_indep_qiskit_14.csv,2.709961271286011,sherbrooke
ghz_indep_qiskit_15.csv,2.8981493949890136,sherbrooke
ghz_indep_qiskit_2.csv,0.5346028804779053,sherbrooke
ghz_indep_qiskit_3.csv,0.41312057971954347,sherbrooke
ghz_indep_qiskit_30.csv,0.43711669445037843,sherbrooke
ghz_indep_qiskit_31.csv,0.3526386976242065,sherbrooke
ghz_indep_qiskit_32.csv,0.3854748964309692,sherbrooke
ghz_indep_qiskit_33.csv,0.37945995330810545,sherbrooke
ghz_indep_qiskit_34.csv,0.4063006639480591,sherbrooke
ghz_indep_qiskit_35.csv,0.37451763153076173,sherbrooke
ghz_indep_qiskit_36.csv,0.30564978122711184,sherbrooke
ghz_indep_qiskit_37.csv,0.43208634853363037,sherbrooke
ghz_indep_qiskit_38.csv,0.3240751504898071,sherbrooke
ghz_indep_qiskit_39.csv,0.398774529,sherbrooke
ghz_indep_qiskit_4.csv,0.40416104793548585,sherbrooke
ghz_indep_qiskit_40.csv,0.35235981941223143,sherbrooke
ghz_indep_qiskit_41.csv,0.36501355171203614,sherbrooke
ghz_indep_qiskit_42.csv,0.3375356912612915,sherbrooke
ghz_indep_qiskit_43.csv,0.37531802654266355,sherbrooke
ghz_indep_qiskit_44.csv,0.3170145273208618,sherbrooke
ghz_indep_qiskit_45.csv,0.3735068321228027,sherbrooke
ghz_indep_qiskit_46.csv,0.27139556407928467,sherbrooke
ghz_indep_qiskit_47.csv,0.3307745695114136,sherbrooke
ghz_indep_qiskit_48.csv,0.49510951042175294,sherbrooke
ghz_indep_qiskit_49.csv,0.6044318437576294,sherbrooke
ghz_indep_qiskit_5.csv,0.39556686878204345,sherbrooke
ghz_indep_qiskit_50.csv,0.39561877250671384,sherbrooke
ghz_indep_qiskit_51.csv,0.2907701969146729,sherbrooke
ghz_indep_qiskit_52.csv,0.46566023826599123,sherbrooke
ghz_indep_qiskit_53.csv,0.498547888,sherbrooke
ghz_indep_qiskit_54.csv,0.4353692293167114,sherbrooke
ghz_indep_qiskit_55.csv,0.4691922187805176,sherbrooke
ghz_indep_qiskit_56.csv,0.35019235610961913,sherbrooke
ghz_indep_qiskit_57.csv,0.3708499431610107,sherbrooke
ghz_indep_qiskit_58.csv,0.46725409030914306,sherbrooke
ghz_indep_qiskit_59.csv,0.47340409755706786,sherbrooke
ghz_indep_qiskit_6.csv,0.49671597480773927,sherbrooke
ghz_indep_qiskit_60.csv,0.3650902032852173,sherbrooke
ghz_indep_qiskit_61.csv,0.4234253644943237,sherbrooke
ghz_indep_qiskit_62.csv,0.41122872829437257,sherbrooke
ghz_indep_qiskit_63.csv,0.29499766826629636,sherbrooke
ghz_indep_qiskit_64.csv,0.3554051637649536,sherbrooke
ghz_indep_qiskit_65.csv,0.36023175716400146,sherbrooke
ghz_indep_qiskit_66.csv,0.4334023714065552,sherbrooke
ghz_indep_qiskit_67.csv,0.4879602432250977,sherbrooke
ghz_indep_qiskit_68.csv,0.3259861469268799,sherbrooke
ghz_indep_qiskit_69.csv,0.43977205753326415,sherbrooke
ghz_indep_qiskit_7.csv,0.469165564,sherbrooke
ghz_indep_qiskit_70.csv,0.4434011459350586,sherbrooke
ghz_indep_qiskit_71.csv,0.4867337465286255,sherbrooke
ghz_indep_qiskit_72.csv,0.3858201026916504,sherbrooke
ghz_indep_qiskit_73.csv,0.6483033657073974,sherbrooke
ghz_indep_qiskit_74.csv,0.43383524417877195,sherbrooke
ghz_indep_qiskit_75.csv,0.42135963439941404,sherbrooke
ghz_indep_qiskit_76.csv,0.4653573989868164,sherbrooke
ghz_indep_qiskit_77.csv,0.5036684274673462,sherbrooke
ghz_indep_qiskit_78.csv,0.38975441455841064,sherbrooke
ghz_indep_qiskit_79.csv,0.29770991802215574,sherbrooke
ghz_indep_qiskit_8.csv,0.431820011,sherbrooke
ghz_indep_qiskit_80.csv,0.46133425235748293,sherbrooke
ghz_indep_qiskit_81.csv,0.39845335483551025,sherbrooke
ghz_indep_qiskit_82.csv,0.4096062183380127,sherbrooke
ghz_indep_qiskit_83.csv,0.4425277471542358,sherbrooke
ghz_indep_qiskit_84.csv,0.41911771297454836,sherbrooke
ghz_indep_qiskit_85.csv,0.40861852169036866,sherbrooke
ghz_indep_qiskit_86.csv,0.6345269680023193,sherbrooke
ghz_indep_qiskit_87.csv,0.3516031980514526,sherbrooke
ghz_indep_qiskit_88.csv,0.4521789073944092,sherbrooke
ghz_indep_qiskit_89.csv,0.466721511,sherbrooke
ghz_indep_qiskit_9.csv,0.48649163246154786,sherbrooke
ghz_indep_qiskit_90.csv,0.5625116109848023,sherbrooke
ghz_indep_qiskit_91.csv,0.39932799339294434,sherbrooke
ghz_indep_qiskit_92.csv,0.5025756120681762,sherbrooke
ghz_indep_qiskit_93.csv,0.5269388437271119,sherbrooke
ghz_indep_qiskit_94.csv,0.4670819520950317,sherbrooke
ghz_indep_qiskit_95.csv,0.4427015781402588,sherbrooke
ghz_indep_qiskit_96.csv,0.4685176372528076,sherbrooke
ghz_indep_qiskit_97.csv,0.4606524705886841,sherbrooke
ghz_indep_qiskit_98.csv,0.4684558868408203,sherbrooke
ghz_indep_qiskit_99.csv,0.48921449184417726,sherbrooke
graphstate_indep_qiskit_100.csv,0.3970540761947632,sherbrooke
graphstate_indep_qiskit_101.csv,0.31362404823303225,sherbrooke
graphstate_indep_qiskit_102.csv,0.28923037052154543,sherbrooke
graphstate_indep_qiskit_103.csv,0.3145307540893555,sherbrooke
graphstate_indep_qiskit_104.csv,0.6474286556243897,sherbrooke
graphstate_indep_qiskit_105.csv,0.4418739557266235,sherbrooke
graphstate_indep_qiskit_106.csv,0.4139346361160278,sherbrooke
graphstate_indep_qiskit_107.csv,0.42350316047668457,sherbrooke
graphstate_indep_qiskit_108.csv,0.5049663543701172,sherbrooke
graphstate_indep_qiskit_109.csv,0.5208682060241699,sherbrooke
graphstate_indep_qiskit_110.csv,0.5095178604125976,sherbrooke
graphstate_indep_qiskit_111.csv,0.6928811550140381,sherbrooke
graphstate_indep_qiskit_112.csv,0.5432419061660767,sherbrooke
graphstate_indep_qiskit_113.csv,0.3944375038146973,sherbrooke
graphstate_indep_qiskit_114.csv,0.45752859115600586,sherbrooke
graphstate_indep_qiskit_115.csv,0.45939414501190184,sherbrooke
graphstate_indep_qiskit_116.csv,0.4375872850418091,sherbrooke
graphstate_indep_qiskit_117.csv,0.3899317979812622,sherbrooke
graphstate_indep_qiskit_118.csv,0.45892627239227296,sherbrooke
graphstate_indep_qiskit_119.csv,0.45825467109680174,sherbrooke
graphstate_indep_qiskit_12.csv,0.8397783994674682,sherbrooke
graphstate_indep_qiskit_120.csv,0.38504629135131835,sherbrooke
graphstate_indep_qiskit_121.csv,0.3180077314376831,sherbrooke
graphstate_indep_qiskit_122.csv,0.3661801815032959,sherbrooke
graphstate_indep_qiskit_123.csv,0.37740943431854246,sherbrooke
graphstate_indep_qiskit_124.csv,0.44579923152923584,sherbrooke
graphstate_indep_qiskit_125.csv,0.49030022621154784,sherbrooke
graphstate_indep_qiskit_126.csv,0.5272503614425659,sherbrooke
graphstate_indep_qiskit_127.csv,0.6929724454879761,sherbrooke
graphstate_indep_qiskit_13.csv,2.2343870639801025,sherbrooke
graphstate_indep_qiskit_21.csv,0.6279917240142823,sherbrooke
graphstate_indep_qiskit_26.csv,0.30221948623657224,sherbrooke
graphstate_indep_qiskit_27.csv,0.30210170745849607,sherbrooke
graphstate_indep_qiskit_28.csv,0.40630905628204345,sherbrooke
graphstate_indep_qiskit_29.csv,0.3584919452667236,sherbrooke
graphstate_indep_qiskit_3.csv,0.40791797637939453,sherbrooke
graphstate_indep_qiskit_30.csv,0.42447173595428467,sherbrooke
graphstate_indep_qiskit_31.csv,0.3950310230255127,sherbrooke
graphstate_indep_qiskit_32.csv,0.4144809484481812,sherbrooke
graphstate_indep_qiskit_33.csv,0.4262534141540527,sherbrooke
graphstate_indep_qiskit_34.csv,0.4211400032043457,sherbrooke
graphstate_indep_qiskit_35.csv,0.4302929639816284,sherbrooke
graphstate_indep_qiskit_36.csv,0.32255709171295166,sherbrooke
graphstate_indep_qiskit_37.csv,0.49792606830596925,sherbrooke
graphstate_indep_qiskit_38.csv,0.5261527538299561,sherbrooke
graphstate_indep_qiskit_39.csv,0.4060575723648071,sherbrooke
graphstate_indep_qiskit_4.csv,0.5599642276763916,sherbrooke
graphstate_indep_qiskit_40.csv,0.46431403160095214,sherbrooke
graphstate_indep_qiskit_41.csv,0.43236093521118163,sherbrooke
graphstate_indep_qiskit_42.csv,0.422741699,sherbrooke
graphstate_indep_qiskit_43.csv,0.4764182329177856,sherbrooke
graphstate_indep_qiskit_44.csv,0.45069050788879395,sherbrooke
graphstate_indep_qiskit_45.csv,0.36968255043029785,sherbrooke
graphstate_indep_qiskit_46.csv,0.3887114286422729,sherbrooke
graphstate_indep_qiskit_47.csv,0.4273157358169556,sherbrooke
graphstate_indep_qiskit_48.csv,0.4701764822006226,sherbrooke
graphstate_indep_qiskit_49.csv,0.5006386280059815,sherbrooke
graphstate_indep_qiskit_5.csv,0.5428183794021606,sherbrooke
graphstate_indep_qiskit_50.csv,0.39065744876861574,sherbrooke
graphstate_indep_qiskit_51.csv,0.463593578,sherbrooke
graphstate_indep_qiskit_52.csv,0.47359232902526854,sherbrooke
graphstate_indep_qiskit_53.csv,0.4639251708984375,sherbrooke
graphstate_indep_qiskit_54.csv,0.4578284025192261,sherbrooke
graphstate_indep_qiskit_55.csv,0.46117286682128905,sherbrooke
graphstate_indep_qiskit_56.csv,0.6604449510574341,sherbrooke
graphstate_indep_qiskit_57.csv,0.433225679,sherbrooke
graphstate_indep_qiskit_58.csv,0.49248299598693845,sherbrooke
graphstate_indep_qiskit_59.csv,0.4997828245162964,sherbrooke
graphstate_indep_qiskit_6.csv,0.8940225124359131,sherbrooke
graphstate_indep_qiskit_60.csv,0.6153917789459229,sherbrooke
graphstate_indep_qiskit_61.csv,0.5010753631591797,sherbrooke
graphstate_indep_qiskit_62.csv,0.4224282741546631,sherbrooke
graphstate_indep_qiskit_63.csv,0.48267807960510256,sherbrooke
graphstate_indep_qiskit_64.csv,0.5012173175811767,sherbrooke
graphstate_indep_qiskit_65.csv,0.4814228773117065,sherbrooke
graphstate_indep_qiskit_66.csv,0.4528135061264038,sherbrooke
graphstate_indep_qiskit_67.csv,0.496255898,sherbrooke
graphstate_indep_qiskit_68.csv,0.4077187776565552,sherbrooke
graphstate_indep_qiskit_69.csv,0.4337775707244873,sherbrooke
graphstate_indep_qiskit_7.csv,0.39243910312652586,sherbrooke
graphstate_indep_qiskit_70.csv,0.48950073719024656,sherbrooke
graphstate_indep_qiskit_71.csv,0.4812394857406616,sherbrooke
graphstate_indep_qiskit_72.csv,0.4506978988647461,sherbrooke
graphstate_indep_qiskit_73.csv,0.4759859323501587,sherbrooke
graphstate_indep_qiskit_74.csv,0.4537573575973511,sherbrooke
graphstate_indep_qiskit_75.csv,0.46226136684417723,sherbrooke
graphstate_indep_qiskit_76.csv,0.42876899242401123,sherbrooke
graphstate_indep_qiskit_77.csv,0.4434401273727417,sherbrooke
graphstate_indep_qiskit_78.csv,0.4178194522857666,sherbrooke
graphstate_indep_qiskit_79.csv,0.47415339946746826,sherbrooke
graphstate_indep_qiskit_8.csv,0.48636841773986816,sherbrooke
graphstate_indep_qiskit_80.csv,0.4664109468460083,sherbrooke
graphstate_indep_qiskit_81.csv,0.510745621,sherbrooke
graphstate_indep_qiskit_82.csv,0.48573119640350343,sherbrooke
graphstate_indep_qiskit_83.csv,0.704788351,sherbrooke
graphstate_indep_qiskit_84.csv,0.43447883129119874,sherbrooke
graphstate_indep_qiskit_85.csv,0.4744776725769043,sherbrooke
graphstate_indep_qiskit_86.csv,0.47665235996246336,sherbrooke
graphstate_indep_qiskit_87.csv,0.3757887125015259,sherbrooke
graphstate_indep_qiskit_88.csv,0.47244298458099365,sherbrooke
graphstate_indep_qiskit_89.csv,0.5118687868118286,sherbrooke
graphstate_indep_qiskit_9.csv,19.76678087711334,sherbrooke
graphstate_indep_qiskit_90.csv,0.45246768,sherbrooke
graphstate_indep_qiskit_91.csv,0.5305338144302368,sherbrooke
graphstate_indep_qiskit_92.csv,0.45368165969848634,sherbrooke
graphstate_indep_qiskit_93.csv,0.4784681797027588,sherbrooke
graphstate_indep_qiskit_94.csv,0.3922022104263306,sherbrooke
graphstate_indep_qiskit_95.csv,0.48203105926513673,sherbrooke
graphstate_indep_qiskit_96.csv,0.4800103187561035,sherbrooke
graphstate_indep_qiskit_97.csv,0.49678239822387693,sherbrooke
graphstate_indep_qiskit_98.csv,0.47309145927429197,sherbrooke
graphstate_indep_qiskit_99.csv,0.504093599,sherbrooke
grover-noancilla_indep_qiskit_2.csv,0.5190139055252075,sherbrooke
grover-noancilla_indep_qiskit_3.csv,0.42154598236083984,sherbrooke
grover-noancilla_indep_qiskit_4.csv,0.44448251724243165,sherbrooke
grover-noancilla_indep_qiskit_5.csv,0.5582556009292603,sherbrooke
grover-noancilla_indep_qiskit_6.csv,0.7470461368560791,sherbrooke
grover-noancilla_indep_qiskit_7.csv,3.3356138467788696,sherbrooke
grover-noancilla_indep_qiskit_8.csv,10.798540449142456,sherbrooke
grover-v-chain_indep_qiskit_2.csv,0.42325992584228517,sherbrooke
grover-v-chain_indep_qiskit_3.csv,0.48289105892181394,sherbrooke
grover-v-chain_indep_qiskit_4.csv,0.3630199909210205,sherbrooke
grover-v-chain_indep_qiskit_5.csv,0.6568397283554077,sherbrooke
grover-v-chain_indep_qiskit_7.csv,1.267138695716858,sherbrooke
grover-v-chain_indep_qiskit_9.csv,11.77599368095398,sherbrooke
portfolioqaoa_indep_qiskit_10.csv,12.967896056175231,sherbrooke
portfolioqaoa_indep_qiskit_3.csv,0.486018968,sherbrooke
portfolioqaoa_indep_qiskit_4.csv,0.45553972721099856,sherbrooke
portfolioqaoa_indep_qiskit_5.csv,0.42355592250823976,sherbrooke
portfolioqaoa_indep_qiskit_6.csv,0.5336190938949585,sherbrooke
portfolioqaoa_indep_qiskit_7.csv,0.7355422973632812,sherbrooke
portfolioqaoa_indep_qiskit_8.csv,0.9423082590103149,sherbrooke
portfolioqaoa_indep_qiskit_9.csv,2.621402049064636,sherbrooke
portfoliovqe_indep_qiskit_10.csv,5.035772204399109,sherbrooke
portfoliovqe_indep_qiskit_3.csv,0.6205431938171386,sherbrooke
portfoliovqe_indep_qiskit_4.csv,0.5268970489501953,sherbrooke
portfoliovqe_indep_qiskit_5.csv,0.42751009464263917,sherbrooke
portfoliovqe_indep_qiskit_6.csv,0.470346737,sherbrooke
portfoliovqe_indep_qiskit_7.csv,0.6595477342605591,sherbrooke
portfoliovqe_indep_qiskit_8.csv,0.8361942291259765,sherbrooke
portfoliovqe_indep_qiskit_9.csv,2.118359112739563,sherbrooke
qaoa_indep_qiskit_10.csv,0.9454923629760742,sherbrooke
qaoa_indep_qiskit_11.csv,7.729265046,sherbrooke
qaoa_indep_qiskit_12.csv,2.2028059482574465,sherbrooke
qaoa_indep_qiskit_13.csv,22.91152184009552,sherbrooke
qaoa_indep_qiskit_14.csv,12.882499957084656,sherbrooke
qaoa_indep_qiskit_3.csv,0.48331511,sherbrooke
qaoa_indep_qiskit_4.csv,0.4431013822555542,sherbrooke
qaoa_indep_qiskit_5.csv,0.4368794679641724,sherbrooke
qaoa_indep_qiskit_6.csv,0.476034951,sherbrooke
qaoa_indep_qiskit_7.csv,0.4449056386947632,sherbrooke
qaoa_indep_qiskit_8.csv,1.006853461265564,sherbrooke
qaoa_indep_qiskit_9.csv,2.199313187599182,sherbrooke
qft_indep_qiskit_10.csv,3.0132659673690796,sherbrooke
qft_indep_qiskit_100.csv,1.3437565326690675,sherbrooke
qft_indep_qiskit_101.csv,1.3667691707611085,sherbrooke
qft_indep_qiskit_102.csv,1.3626460075378417,sherbrooke
qft_indep_qiskit_103.csv,1.340827512741089,sherbrooke
qft_indep_qiskit_104.csv,1.391291117668152,sherbrooke
qft_indep_qiskit_105.csv,1.4511728286743164,sherbrooke
qft_indep_qiskit_106.csv,1.4424355745315551,sherbrooke
qft_indep_qiskit_107.csv,1.7843875169754029,sherbrooke
qft_indep_qiskit_108.csv,1.3992491722106934,sherbrooke
qft_indep_qiskit_109.csv,1.5437875032424926,sherbrooke
qft_indep_qiskit_110.csv,1.4594676494598389,sherbrooke
qft_indep_qiskit_111.csv,2.0596155405044554,sherbrooke
qft_indep_qiskit_112.csv,1.5870872020721436,sherbrooke
qft_indep_qiskit_113.csv,1.6363583087921143,sherbrooke
qft_indep_qiskit_114.csv,1.6916057348251343,sherbrooke
qft_indep_qiskit_115.csv,1.5832029104232788,sherbrooke
qft_indep_qiskit_116.csv,1.6584758758544922,sherbrooke
qft_indep_qiskit_117.csv,1.7286662340164185,sherbrooke
qft_indep_qiskit_118.csv,1.7443295478820802,sherbrooke
qft_indep_qiskit_119.csv,1.7688435792922974,sherbrooke
qft_indep_qiskit_120.csv,1.7226304769515992,sherbrooke
qft_indep_qiskit_121.csv,1.7761054754257202,sherbrooke
qft_indep_qiskit_122.csv,1.8463189363479615,sherbrooke
qft_indep_qiskit_123.csv,1.8300437688827516,sherbrooke
qft_indep_qiskit_124.csv,1.9233102321624755,sherbrooke
qft_indep_qiskit_125.csv,1.813257098197937,sherbrooke
qft_indep_qiskit_126.csv,1.8721607208251954,sherbrooke
qft_indep_qiskit_127.csv,2.288554883003235,sherbrooke
qft_indep_qiskit_2.csv,0.4426139831542969,sherbrooke
qft_indep_qiskit_3.csv,0.44444711208343507,sherbrooke
qft_indep_qiskit_30.csv,9.298539138,sherbrooke
qft_indep_qiskit_31.csv,0.4177405834197998,sherbrooke
qft_indep_qiskit_32.csv,0.6131249189376831,sherbrooke
qft_indep_qiskit_33.csv,0.5440641164779663,sherbrooke
qft_indep_qiskit_34.csv,0.5640197038650513,sherbrooke
qft_indep_qiskit_35.csv,0.6034955739974975,sherbrooke
qft_indep_qiskit_36.csv,0.4763689756393433,sherbrooke
qft_indep_qiskit_37.csv,0.5501072883605957,sherbrooke
qft_indep_qiskit_38.csv,0.5559970617294312,sherbrooke
qft_indep_qiskit_39.csv,0.6247825384140014,sherbrooke
qft_indep_qiskit_4.csv,0.43819751739501955,sherbrooke
qft_indep_qiskit_40.csv,0.6375221252441406,sherbrooke
qft_indep_qiskit_41.csv,0.5444620370864868,sherbrooke
qft_indep_qiskit_42.csv,0.6420088768005371,sherbrooke
qft_indep_qiskit_43.csv,0.627000093,sherbrooke
qft_indep_qiskit_44.csv,0.6534393787384033,sherbrooke
qft_indep_qiskit_45.csv,0.6650509357452392,sherbrooke
qft_indep_qiskit_46.csv,0.6036884307861328,sherbrooke
qft_indep_qiskit_47.csv,0.899671984,sherbrooke
qft_indep_qiskit_48.csv,0.6559076547622681,sherbrooke
qft_indep_qiskit_49.csv,0.6657524585723877,sherbrooke
qft_indep_qiskit_5.csv,0.4477250576019287,sherbrooke
qft_indep_qiskit_50.csv,0.6602096796035767,sherbrooke
qft_indep_qiskit_51.csv,0.8800619602203369,sherbrooke
qft_indep_qiskit_52.csv,0.7217448711395263,sherbrooke
qft_indep_qiskit_53.csv,0.6262818813323975,sherbrooke
qft_indep_qiskit_54.csv,0.6338517427444458,sherbrooke
qft_indep_qiskit_55.csv,0.7410517930984497,sherbrooke
qft_indep_qiskit_56.csv,0.7812950372695923,sherbrooke
qft_indep_qiskit_57.csv,0.7478217363357544,sherbrooke
qft_indep_qiskit_58.csv,0.7655988693237304,sherbrooke
qft_indep_qiskit_59.csv,0.7537980556488038,sherbrooke
qft_indep_qiskit_6.csv,0.49755690097808836,sherbrooke
qft_indep_qiskit_60.csv,0.7423161268234253,sherbrooke
qft_indep_qiskit_61.csv,0.8627165079116821,sherbrooke
qft_indep_qiskit_62.csv,0.7617211103439331,sherbrooke
qft_indep_qiskit_63.csv,0.7646396398544312,sherbrooke
qft_indep_qiskit_64.csv,0.7920562028884888,sherbrooke
qft_indep_qiskit_65.csv,0.7600590229034424,sherbrooke
qft_indep_qiskit_66.csv,0.8532220363616944,sherbrooke
qft_indep_qiskit_67.csv,0.808143163,sherbrooke
qft_indep_qiskit_68.csv,0.963424563,sherbrooke
qft_indep_qiskit_69.csv,0.8027694940567016,sherbrooke
qft_indep_qiskit_7.csv,0.6206301689147949,sherbrooke
qft_indep_qiskit_70.csv,0.794520092,sherbrooke
qft_indep_qiskit_71.csv,0.9297179460525513,sherbrooke
qft_indep_qiskit_72.csv,0.9077033281326294,sherbrooke
qft_indep_qiskit_73.csv,0.8553458213806152,sherbrooke
qft_indep_qiskit_74.csv,0.981521201,sherbrooke
qft_indep_qiskit_75.csv,0.8937568902969361,sherbrooke
qft_indep_qiskit_76.csv,0.9994528532028198,sherbrooke
qft_indep_qiskit_77.csv,0.9757963657379151,sherbrooke
qft_indep_qiskit_78.csv,1.0333397150039674,sherbrooke
qft_indep_qiskit_79.csv,0.989050317,sherbrooke
qft_indep_qiskit_8.csv,0.6124986171722412,sherbrooke
qft_indep_qiskit_80.csv,0.9724285364151001,sherbrooke
qft_indep_qiskit_81.csv,1.0267347335815429,sherbrooke
qft_indep_qiskit_82.csv,1.033595323562622,sherbrooke
qft_indep_qiskit_83.csv,1.1482759237289428,sherbrooke
qft_indep_qiskit_84.csv,1.2367507457733153,sherbrooke
qft_indep_qiskit_85.csv,1.080275297164917,sherbrooke
qft_indep_qiskit_86.csv,1.079785943031311,sherbrooke
qft_indep_qiskit_87.csv,1.429254150390625,sherbrooke
qft_indep_qiskit_88.csv,1.1488484621047974,sherbrooke
qft_indep_qiskit_89.csv,1.2051254034042358,sherbrooke
qft_indep_qiskit_9.csv,1.2443934202194213,sherbrooke
qft_indep_qiskit_90.csv,1.149488878250122,sherbrooke
qft_indep_qiskit_91.csv,1.2623464345932007,sherbrooke
qft_indep_qiskit_92.csv,1.468151330947876,sherbrooke
qft_indep_qiskit_93.csv,1.2871496200561523,sherbrooke
qft_indep_qiskit_94.csv,1.2136775732040406,sherbrooke
qft_indep_qiskit_95.csv,1.2590054750442505,sherbrooke
qft_indep_qiskit_96.csv,1.3097994804382325,sherbrooke
qft_indep_qiskit_97.csv,1.3798461198806762,sherbrooke
qft_indep_qiskit_98.csv,1.257121729850769,sherbrooke
qft_indep_qiskit_99.csv,1.2807362794876098,sherbrooke
qftentangled_indep_qiskit_10.csv,5.927527999877929,sherbrooke
qftentangled_indep_qiskit_100.csv,1.3128303050994874,sherbrooke
qftentangled_indep_qiskit_101.csv,1.4074625968933105,sherbrooke
qftentangled_indep_qiskit_102.csv,1.3767241954803466,sherbrooke
qftentangled_indep_qiskit_103.csv,1.7364548206329347,sherbrooke
qftentangled_indep_qiskit_104.csv,1.3656350374221802,sherbrooke
qftentangled_indep_qiskit_105.csv,1.4913558483123779,sherbrooke
qftentangled_indep_qiskit_106.csv,1.4375576496124267,sherbrooke
qftentangled_indep_qiskit_107.csv,1.4392720222473145,sherbrooke
qftentangled_indep_qiskit_108.csv,1.374949288368225,sherbrooke
qftentangled_indep_qiskit_109.csv,1.4785800457000733,sherbrooke
qftentangled_indep_qiskit_11.csv,15.620804405212402,sherbrooke
qftentangled_indep_qiskit_110.csv,1.513619351387024,sherbrooke
qftentangled_indep_qiskit_111.csv,1.5157139539718627,sherbrooke
qftentangled_indep_qiskit_112.csv,1.520993208885193,sherbrooke
qftentangled_indep_qiskit_113.csv,1.7075500726699828,sherbrooke
qftentangled_indep_qiskit_114.csv,1.6224830389022826,sherbrooke
qftentangled_indep_qiskit_115.csv,2.1409817218780516,sherbrooke
qftentangled_indep_qiskit_116.csv,1.628377866744995,sherbrooke
qftentangled_indep_qiskit_117.csv,1.651968812942505,sherbrooke
qftentangled_indep_qiskit_118.csv,1.7081260442733766,sherbrooke
qftentangled_indep_qiskit_119.csv,2.1059990406036375,sherbrooke
qftentangled_indep_qiskit_120.csv,1.6995145320892333,sherbrooke
qftentangled_indep_qiskit_121.csv,1.744010568,sherbrooke
qftentangled_indep_qiskit_122.csv,1.762248659133911,sherbrooke
qftentangled_indep_qiskit_123.csv,2.267446494102478,sherbrooke
qftentangled_indep_qiskit_124.csv,1.9205900192260743,sherbrooke
qftentangled_indep_qiskit_125.csv,1.877073598,sherbrooke
qftentangled_indep_qiskit_126.csv,1.926546573638916,sherbrooke
qftentangled_indep_qiskit_127.csv,1.8915941953659057,sherbrooke
qftentangled_indep_qiskit_2.csv,0.41985819339752195,sherbrooke
qftentangled_indep_qiskit_3.csv,0.43172755241394045,sherbrooke
qftentangled_indep_qiskit_30.csv,16.605011677742006,sherbrooke
qftentangled_indep_qiskit_31.csv,0.5111961126327514,sherbrooke
qftentangled_indep_qiskit_32.csv,0.5639184236526489,sherbrooke
qftentangled_indep_qiskit_33.csv,0.5604481220245361,sherbrooke
qftentangled_indep_qiskit_34.csv,0.36687164306640624,sherbrooke
qftentangled_indep_qiskit_35.csv,0.5120625257492065,sherbrooke
qftentangled_indep_qiskit_36.csv,0.8522441625595093,sherbrooke
qftentangled_indep_qiskit_37.csv,0.5675677299499512,sherbrooke
qftentangled_indep_qiskit_38.csv,0.5846813678741455,sherbrooke
qftentangled_indep_qiskit_39.csv,0.6177993774414062,sherbrooke
qftentangled_indep_qiskit_4.csv,0.4209737777709961,sherbrooke
qftentangled_indep_qiskit_40.csv,0.6306533575057983,sherbrooke
qftentangled_indep_qiskit_41.csv,0.6362580060958862,sherbrooke
qftentangled_indep_qiskit_42.csv,0.6032873868942261,sherbrooke
qftentangled_indep_qiskit_43.csv,0.5934473991394043,sherbrooke
qftentangled_indep_qiskit_44.csv,0.5325151443481445,sherbrooke
qftentangled_indep_qiskit_45.csv,0.6013145923614502,sherbrooke
qftentangled_indep_qiskit_46.csv,0.585237455,sherbrooke
qftentangled_indep_qiskit_47.csv,0.6327029705047608,sherbrooke
qftentangled_indep_qiskit_48.csv,0.6783745765686036,sherbrooke
qftentangled_indep_qiskit_49.csv,0.6330736160278321,sherbrooke
qftentangled_indep_qiskit_5.csv,0.40266833305358884,sherbrooke
qftentangled_indep_qiskit_50.csv,0.6300464868545532,sherbrooke
qftentangled_indep_qiskit_51.csv,0.6873496055603028,sherbrooke
qftentangled_indep_qiskit_52.csv,0.6750697374343873,sherbrooke
qftentangled_indep_qiskit_53.csv,0.634441328,sherbrooke
qftentangled_indep_qiskit_54.csv,0.7421475410461426,sherbrooke
qftentangled_indep_qiskit_55.csv,0.7638604640960693,sherbrooke
qftentangled_indep_qiskit_56.csv,0.7073493719100952,sherbrooke
qftentangled_indep_qiskit_57.csv,0.8314994812011719,sherbrooke
qftentangled_indep_qiskit_58.csv,0.6944702625274658,sherbrooke
qftentangled_indep_qiskit_59.csv,0.676203728,sherbrooke
qftentangled_indep_qiskit_6.csv,0.3646583318710327,sherbrooke
qftentangled_indep_qiskit_60.csv,0.7519503355026245,sherbrooke
qftentangled_indep_qiskit_61.csv,0.8521223306655884,sherbrooke
qftentangled_indep_qiskit_62.csv,0.8155757188796997,sherbrooke
qftentangled_indep_qiskit_63.csv,0.8270608901977539,sherbrooke
qftentangled_indep_qiskit_64.csv,0.7812233686447143,sherbrooke
qftentangled_indep_qiskit_65.csv,0.7620194435119629,sherbrooke
qftentangled_indep_qiskit_66.csv,0.7732664585113526,sherbrooke
qftentangled_indep_qiskit_67.csv,0.7895033597946167,sherbrooke
qftentangled_indep_qiskit_68.csv,0.8147623538970947,sherbrooke
qftentangled_indep_qiskit_69.csv,0.7735908269882202,sherbrooke
qftentangled_indep_qiskit_7.csv,0.4835500955581665,sherbrooke
qftentangled_indep_qiskit_70.csv,0.8591457843780518,sherbrooke
qftentangled_indep_qiskit_71.csv,0.8539346694946289,sherbrooke
qftentangled_indep_qiskit_72.csv,0.9281646013259888,sherbrooke
qftentangled_indep_qiskit_73.csv,0.9660542726516723,sherbrooke
qftentangled_indep_qiskit_74.csv,0.9303339719772339,sherbrooke
qftentangled_indep_qiskit_75.csv,0.9301083326339722,sherbrooke
qftentangled_indep_qiskit_76.csv,0.9825112819671631,sherbrooke
qftentangled_indep_qiskit_77.csv,1.262921357154846,sherbrooke
qftentangled_indep_qiskit_78.csv,0.9681014060974121,sherbrooke
qftentangled_indep_qiskit_79.csv,1.020439076423645,sherbrooke
qftentangled_indep_qiskit_8.csv,0.5324446678161621,sherbrooke
qftentangled_indep_qiskit_80.csv,1.0280832052230835,sherbrooke
qftentangled_indep_qiskit_81.csv,1.0275482416152955,sherbrooke
qftentangled_indep_qiskit_82.csv,1.2211082935333253,sherbrooke
qftentangled_indep_qiskit_83.csv,1.0622180461883546,sherbrooke
qftentangled_indep_qiskit_84.csv,1.0630220413208007,sherbrooke
qftentangled_indep_qiskit_85.csv,1.127343201637268,sherbrooke
qftentangled_indep_qiskit_86.csv,1.0959121227264403,sherbrooke
qftentangled_indep_qiskit_87.csv,1.159528374671936,sherbrooke
qftentangled_indep_qiskit_88.csv,1.1088102817535401,sherbrooke
qftentangled_indep_qiskit_89.csv,1.1843000888824462,sherbrooke
qftentangled_indep_qiskit_9.csv,1.315814447402954,sherbrooke
qftentangled_indep_qiskit_90.csv,1.158568525314331,sherbrooke
qftentangled_indep_qiskit_91.csv,1.1804144859313965,sherbrooke
qftentangled_indep_qiskit_92.csv,1.223765754699707,sherbrooke
qftentangled_indep_qiskit_94.csv,1.412697958946228,sherbrooke
qftentangled_indep_qiskit_95.csv,1.3265464782714844,sherbrooke
qftentangled_indep_qiskit_96.csv,1.2443613529205322,sherbrooke
qftentangled_indep_qiskit_97.csv,1.245561456680298,sherbrooke
qftentangled_indep_qiskit_98.csv,1.5605584621429442,sherbrooke
qftentangled_indep_qiskit_99.csv,1.2804918050765992,sherbrooke
qnn_indep_qiskit_10.csv,3.9906198501586916,sherbrooke
qnn_indep_qiskit_100.csv,2.154816746711731,sherbrooke
qnn_indep_qiskit_101.csv,2.0566141843795775,sherbrooke
qnn_indep_qiskit_102.csv,2.1853068113327025,sherbrooke
qnn_indep_qiskit_103.csv,2.276332902908325,sherbrooke
qnn_indep_qiskit_104.csv,2.999233603477478,sherbrooke
qnn_indep_qiskit_105.csv,2.4070977926254273,sherbrooke
qnn_indep_qiskit_106.csv,2.4014726877212524,sherbrooke
qnn_indep_qiskit_107.csv,2.463901996612549,sherbrooke
qnn_indep_qiskit_108.csv,2.8641637325286866,sherbrooke
qnn_indep_qiskit_109.csv,2.4247610092163088,sherbrooke
qnn_indep_qiskit_110.csv,2.653985357284546,sherbrooke
qnn_indep_qiskit_111.csv,3.113624358177185,sherbrooke
qnn_indep_qiskit_112.csv,3.160086226463318,sherbrooke
qnn_indep_qiskit_113.csv,2.7101383209228516,sherbrooke
qnn_indep_qiskit_114.csv,2.8022239923477175,sherbrooke
qnn_indep_qiskit_115.csv,2.7184088230133057,sherbrooke
qnn_indep_qiskit_116.csv,2.9508221626281737,sherbrooke
qnn_indep_qiskit_117.csv,2.924672245979309,sherbrooke
qnn_indep_qiskit_118.csv,3.039626717567444,sherbrooke
qnn_indep_qiskit_119.csv,3.158051609992981,sherbrooke
qnn_indep_qiskit_120.csv,3.3019149780273436,sherbrooke
qnn_indep_qiskit_121.csv,3.2857234716415404,sherbrooke
qnn_indep_qiskit_122.csv,3.3857495307922365,sherbrooke
qnn_indep_qiskit_123.csv,3.303939437866211,sherbrooke
qnn_indep_qiskit_124.csv,4.012819218635559,sherbrooke
qnn_indep_qiskit_125.csv,3.5590234756469727,sherbrooke
qnn_indep_qiskit_126.csv,3.4612475872039794,sherbrooke
qnn_indep_qiskit_127.csv,3.455354189872742,sherbrooke
qnn_indep_qiskit_2.csv,0.35244317054748536,sherbrooke
qnn_indep_qiskit_3.csv,0.4558077573776245,sherbrooke
qnn_indep_qiskit_31.csv,0.5524133205413818,sherbrooke
qnn_indep_qiskit_32.csv,0.6319434642791748,sherbrooke
qnn_indep_qiskit_33.csv,0.6246050596237183,sherbrooke
qnn_indep_qiskit_34.csv,0.6309262752532959,sherbrooke
qnn_indep_qiskit_35.csv,0.6036691904067993,sherbrooke
qnn_indep_qiskit_36.csv,0.6103047609329224,sherbrooke
qnn_indep_qiskit_37.csv,0.9288709163665771,sherbrooke
qnn_indep_qiskit_38.csv,0.6659807443618775,sherbrooke
qnn_indep_qiskit_39.csv,0.6534630298614502,sherbrooke
qnn_indep_qiskit_4.csv,0.32487080097198484,sherbrooke
qnn_indep_qiskit_40.csv,0.7109725475311279,sherbrooke
qnn_indep_qiskit_41.csv,0.67521708,sherbrooke
qnn_indep_qiskit_42.csv,0.6514424562454224,sherbrooke
qnn_indep_qiskit_43.csv,0.6933948993682861,sherbrooke
qnn_indep_qiskit_44.csv,0.6361126184463501,sherbrooke
qnn_indep_qiskit_45.csv,0.7013926267623901,sherbrooke
qnn_indep_qiskit_46.csv,0.7274182081222534,sherbrooke
qnn_indep_qiskit_47.csv,0.7257681608200073,sherbrooke
qnn_indep_qiskit_48.csv,0.745423436,sherbrooke
qnn_indep_qiskit_49.csv,0.7120482683181762,sherbrooke
qnn_indep_qiskit_5.csv,0.3075049877166748,sherbrooke
qnn_indep_qiskit_50.csv,0.8007678747177124,sherbrooke
qnn_indep_qiskit_51.csv,0.8100651979446412,sherbrooke
qnn_indep_qiskit_52.csv,0.7801632404327392,sherbrooke
qnn_indep_qiskit_53.csv,0.7947758197784424,sherbrooke
qnn_indep_qiskit_54.csv,0.8395258903503418,sherbrooke
qnn_indep_qiskit_55.csv,0.8936270236968994,sherbrooke
qnn_indep_qiskit_56.csv,0.9527017116546631,sherbrooke
qnn_indep_qiskit_57.csv,0.835818863,sherbrooke
qnn_indep_qiskit_58.csv,0.87735014,sherbrooke
qnn_indep_qiskit_59.csv,0.944372582,sherbrooke
qnn_indep_qiskit_6.csv,0.5552321195602417,sherbrooke
qnn_indep_qiskit_60.csv,0.9846188068389893,sherbrooke
qnn_indep_qiskit_61.csv,1.0242732048034668,sherbrooke
qnn_indep_qiskit_62.csv,0.9667704820632934,sherbrooke
qnn_indep_qiskit_63.csv,0.9877670526504516,sherbrooke
qnn_indep_qiskit_64.csv,1.0094571352005004,sherbrooke
qnn_indep_qiskit_65.csv,1.076552414894104,sherbrooke
qnn_indep_qiskit_66.csv,1.0678550720214843,sherbrooke
qnn_indep_qiskit_67.csv,1.1199732542037963,sherbrooke
qnn_indep_qiskit_68.csv,1.0602464199066162,sherbrooke
qnn_indep_qiskit_69.csv,1.1390241384506226,sherbrooke
qnn_indep_qiskit_7.csv,0.6643064975738525,sherbrooke
qnn_indep_qiskit_70.csv,1.2103122472763062,sherbrooke
qnn_indep_qiskit_71.csv,1.1464275598526001,sherbrooke
qnn_indep_qiskit_72.csv,1.2372140407562255,sherbrooke
qnn_indep_qiskit_73.csv,1.2025062084197997,sherbrooke
qnn_indep_qiskit_74.csv,1.2681216716766357,sherbrooke
qnn_indep_qiskit_75.csv,1.2675370216369628,sherbrooke
qnn_indep_qiskit_76.csv,1.622011399269104,sherbrooke
qnn_indep_qiskit_77.csv,1.3659229278564453,sherbrooke
qnn_indep_qiskit_78.csv,1.2908791065216065,sherbrooke
qnn_indep_qiskit_79.csv,1.307995319366455,sherbrooke
qnn_indep_qiskit_8.csv,0.7529096126556396,sherbrooke
qnn_indep_qiskit_80.csv,1.443727684020996,sherbrooke
qnn_indep_qiskit_81.csv,1.3395756959915162,sherbrooke
qnn_indep_qiskit_82.csv,1.4400282144546508,sherbrooke
qnn_indep_qiskit_83.csv,1.705742597579956,sherbrooke
qnn_indep_qiskit_84.csv,1.508741832,sherbrooke
qnn_indep_qiskit_85.csv,1.5856434106826782,sherbrooke
qnn_indep_qiskit_86.csv,1.569340419769287,sherbrooke
qnn_indep_qiskit_87.csv,1.6016252994537354,sherbrooke
qnn_indep_qiskit_88.csv,1.6077138900756835,sherbrooke
qnn_indep_qiskit_89.csv,1.6158969402313232,sherbrooke
qnn_indep_qiskit_9.csv,2.0607066631317137,sherbrooke
qnn_indep_qiskit_90.csv,1.716748047,sherbrooke
qnn_indep_qiskit_91.csv,1.7771077632904053,sherbrooke
qnn_indep_qiskit_92.csv,1.7450860738754272,sherbrooke
qnn_indep_qiskit_93.csv,1.8926543951034547,sherbrooke
qnn_indep_qiskit_94.csv,1.8915669441223144,sherbrooke
qnn_indep_qiskit_95.csv,2.495349717140198,sherbrooke
qnn_indep_qiskit_96.csv,2.0806737899780274,sherbrooke
qnn_indep_qiskit_97.csv,1.9698755741119385,sherbrooke
qnn_indep_qiskit_98.csv,1.9992548942565918,sherbrooke
qnn_indep_qiskit_99.csv,2.8429713249206543,sherbrooke
qpeexact_indep_qiskit_10.csv,2.4379480600357057,sherbrooke
qpeexact_indep_qiskit_100.csv,1.5548743724822998,sherbrooke
qpeexact_indep_qiskit_101.csv,1.3936907529830933,sherbrooke
qpeexact_indep_qiskit_102.csv,1.426831555366516,sherbrooke
qpeexact_indep_qiskit_103.csv,1.405939269065857,sherbrooke
qpeexact_indep_qiskit_104.csv,1.4439192533493042,sherbrooke
qpeexact_indep_qiskit_105.csv,1.3608883619308472,sherbrooke
qpeexact_indep_qiskit_106.csv,1.4411484003067017,sherbrooke
qpeexact_indep_qiskit_107.csv,1.4188547134399414,sherbrooke
qpeexact_indep_qiskit_108.csv,1.5524423599243165,sherbrooke
qpeexact_indep_qiskit_109.csv,1.5256175994873047,sherbrooke
qpeexact_indep_qiskit_110.csv,1.648869252204895,sherbrooke
qpeexact_indep_qiskit_111.csv,1.6005244731903077,sherbrooke
qpeexact_indep_qiskit_112.csv,1.5499828100204467,sherbrooke
qpeexact_indep_qiskit_113.csv,1.6763422250747682,sherbrooke
qpeexact_indep_qiskit_114.csv,1.7033228874206543,sherbrooke
qpeexact_indep_qiskit_115.csv,2.283117985725403,sherbrooke
qpeexact_indep_qiskit_116.csv,1.9334468126296998,sherbrooke
qpeexact_indep_qiskit_117.csv,1.7808579921722412,sherbrooke
qpeexact_indep_qiskit_118.csv,1.7307060003280639,sherbrooke
qpeexact_indep_qiskit_119.csv,1.7315782070159913,sherbrooke
qpeexact_indep_qiskit_120.csv,2.1268924951553343,sherbrooke
qpeexact_indep_qiskit_121.csv,1.8526182174682617,sherbrooke
qpeexact_indep_qiskit_122.csv,1.8561135530471802,sherbrooke
qpeexact_indep_qiskit_123.csv,1.9360132694244385,sherbrooke
qpeexact_indep_qiskit_124.csv,1.932355523109436,sherbrooke
qpeexact_indep_qiskit_125.csv,1.9068055152893066,sherbrooke
qpeexact_indep_qiskit_126.csv,2.0035547971725465,sherbrooke
qpeexact_indep_qiskit_127.csv,1.9369261503219604,sherbrooke
qpeexact_indep_qiskit_2.csv,0.39087414741516113,sherbrooke
qpeexact_indep_qiskit_3.csv,0.34660017490386963,sherbrooke
qpeexact_indep_qiskit_30.csv,0.4734944820404053,sherbrooke
qpeexact_indep_qiskit_31.csv,0.4601720094680786,sherbrooke
qpeexact_indep_qiskit_32.csv,0.693077803,sherbrooke
qpeexact_indep_qiskit_33.csv,0.5215718269348144,sherbrooke
qpeexact_indep_qiskit_34.csv,0.5644245386123657,sherbrooke
qpeexact_indep_qiskit_35.csv,0.6338868379592896,sherbrooke
qpeexact_indep_qiskit_36.csv,0.558680797,sherbrooke
qpeexact_indep_qiskit_37.csv,0.5296228170394898,sherbrooke
qpeexact_indep_qiskit_38.csv,0.5022039651870728,sherbrooke
qpeexact_indep_qiskit_39.csv,0.5674091577529907,sherbrooke
qpeexact_indep_qiskit_4.csv,0.3169584274291992,sherbrooke
qpeexact_indep_qiskit_40.csv,0.6216078042984009,sherbrooke
qpeexact_indep_qiskit_41.csv,0.632555079,sherbrooke
qpeexact_indep_qiskit_42.csv,0.5264497756958008,sherbrooke
qpeexact_indep_qiskit_43.csv,0.5350940942764282,sherbrooke
qpeexact_indep_qiskit_44.csv,0.5676809549331665,sherbrooke
qpeexact_indep_qiskit_45.csv,0.710703707,sherbrooke
qpeexact_indep_qiskit_46.csv,0.6638831615447998,sherbrooke
qpeexact_indep_qiskit_47.csv,0.6347845792770386,sherbrooke
qpeexact_indep_qiskit_48.csv,0.5772319078445435,sherbrooke
qpeexact_indep_qiskit_49.csv,0.956864858,sherbrooke
qpeexact_indep_qiskit_5.csv,0.2937478542327881,sherbrooke
qpeexact_indep_qiskit_50.csv,0.6082985639572144,sherbrooke
qpeexact_indep_qiskit_51.csv,0.7464459419250489,sherbrooke
qpeexact_indep_qiskit_52.csv,0.6544956207275391,sherbrooke
qpeexact_indep_qiskit_53.csv,0.8636533737182617,sherbrooke
qpeexact_indep_qiskit_54.csv,0.7429200649261475,sherbrooke
qpeexact_indep_qiskit_55.csv,0.7194927930831909,sherbrooke
qpeexact_indep_qiskit_56.csv,0.719061303,sherbrooke
qpeexact_indep_qiskit_57.csv,0.7652550458908081,sherbrooke
qpeexact_indep_qiskit_58.csv,0.7738263845443726,sherbrooke
qpeexact_indep_qiskit_59.csv,0.7462101221084595,sherbrooke
qpeexact_indep_qiskit_6.csv,0.4334531784057617,sherbrooke
qpeexact_indep_qiskit_60.csv,0.7805806636810303,sherbrooke
qpeexact_indep_qiskit_61.csv,0.7997054815292358,sherbrooke
qpeexact_indep_qiskit_62.csv,0.7063820838928223,sherbrooke
qpeexact_indep_qiskit_63.csv,0.7210755825042725,sherbrooke
qpeexact_indep_qiskit_64.csv,0.825981331,sherbrooke
qpeexact_indep_qiskit_65.csv,1.1241238594055176,sherbrooke
qpeexact_indep_qiskit_66.csv,0.8216859340667725,sherbrooke
qpeexact_indep_qiskit_67.csv,0.8006280660629272,sherbrooke
qpeexact_indep_qiskit_68.csv,0.8429299116134643,sherbrooke
qpeexact_indep_qiskit_69.csv,0.8978033065795898,sherbrooke
qpeexact_indep_qiskit_7.csv,0.44411725997924806,sherbrooke
qpeexact_indep_qiskit_70.csv,1.0077622652053833,sherbrooke
qpeexact_indep_qiskit_71.csv,0.9451621770858765,sherbrooke
qpeexact_indep_qiskit_72.csv,0.8834397792816162,sherbrooke
qpeexact_indep_qiskit_73.csv,1.1977846145629882,sherbrooke
qpeexact_indep_qiskit_74.csv,0.8543075799942017,sherbrooke
qpeexact_indep_qiskit_75.csv,0.9480874538421631,sherbrooke
qpeexact_indep_qiskit_76.csv,0.926672387,sherbrooke
qpeexact_indep_qiskit_77.csv,1.0239276170730591,sherbrooke
qpeexact_indep_qiskit_78.csv,1.0282603979110718,sherbrooke
qpeexact_indep_qiskit_79.csv,1.0253312110900878,sherbrooke
qpeexact_indep_qiskit_8.csv,0.5274494647979736,sherbrooke
qpeexact_indep_qiskit_80.csv,1.040758490562439,sherbrooke
qpeexact_indep_qiskit_81.csv,0.9914109468460083,sherbrooke
qpeexact_indep_qiskit_82.csv,1.0818230152130126,sherbrooke
qpeexact_indep_qiskit_83.csv,1.0659822702407837,sherbrooke
qpeexact_indep_qiskit_84.csv,1.1490185022354127,sherbrooke
qpeexact_indep_qiskit_85.csv,1.0562767028808593,sherbrooke
qpeexact_indep_qiskit_86.csv,1.1231279373168945,sherbrooke
qpeexact_indep_qiskit_87.csv,1.1281858682632446,sherbrooke
qpeexact_indep_qiskit_88.csv,1.145285415649414,sherbrooke
qpeexact_indep_qiskit_89.csv,1.261013674736023,sherbrooke
qpeexact_indep_qiskit_9.csv,1.1701136589050294,sherbrooke
qpeexact_indep_qiskit_90.csv,1.232508111000061,sherbrooke
qpeexact_indep_qiskit_91.csv,1.2903298616409302,sherbrooke
qpeexact_indep_qiskit_92.csv,1.2034111022949219,sherbrooke
qpeexact_indep_qiskit_93.csv,1.2228304862976074,sherbrooke
qpeexact_indep_qiskit_94.csv,1.2547518014907837,sherbrooke
qpeexact_indep_qiskit_95.csv,1.354458999633789,sherbrooke
qpeexact_indep_qiskit_96.csv,1.346267080307007,sherbrooke
qpeexact_indep_qiskit_97.csv,1.2829749822616576,sherbrooke
qpeexact_indep_qiskit_98.csv,1.2557410955429078,sherbrooke
qpeexact_indep_qiskit_99.csv,1.4047440052032472,sherbrooke
qpeinexact_indep_qiskit_10.csv,5.109438395500183,sherbrooke
qpeinexact_indep_qiskit_100.csv,1.3917443752288818,sherbrooke
qpeinexact_indep_qiskit_101.csv,1.3871180057525634,sherbrooke
qpeinexact_indep_qiskit_102.csv,1.3941022157669067,sherbrooke
qpeinexact_indep_qiskit_103.csv,1.3774555683135987,sherbrooke
qpeinexact_indep_qiskit_104.csv,1.471557092666626,sherbrooke
qpeinexact_indep_qiskit_105.csv,1.976112961769104,sherbrooke
qpeinexact_indep_qiskit_106.csv,1.4920984745025634,sherbrooke
qpeinexact_indep_qiskit_107.csv,1.4330774307250977,sherbrooke
qpeinexact_indep_qiskit_108.csv,1.508320188522339,sherbrooke
qpeinexact_indep_qiskit_109.csv,1.8083788633346558,sherbrooke
qpeinexact_indep_qiskit_110.csv,1.6027279138565063,sherbrooke
qpeinexact_indep_qiskit_111.csv,1.610901951789856,sherbrooke
qpeinexact_indep_qiskit_112.csv,1.6127121210098267,sherbrooke
qpeinexact_indep_qiskit_113.csv,2.082319140434265,sherbrooke
qpeinexact_indep_qiskit_114.csv,1.679384469985962,sherbrooke
qpeinexact_indep_qiskit_115.csv,1.6753066301345825,sherbrooke
qpeinexact_indep_qiskit_116.csv,1.7392776727676391,sherbrooke
qpeinexact_indep_qiskit_117.csv,1.688676643371582,sherbrooke
qpeinexact_indep_qiskit_118.csv,1.7755493640899658,sherbrooke
qpeinexact_indep_qiskit_119.csv,1.8678054332733154,sherbrooke
qpeinexact_indep_qiskit_120.csv,1.8554781198501586,sherbrooke
qpeinexact_indep_qiskit_121.csv,1.8993778705596924,sherbrooke
qpeinexact_indep_qiskit_122.csv,1.8869429588317872,sherbrooke
qpeinexact_indep_qiskit_123.csv,1.8833280801773071,sherbrooke
qpeinexact_indep_qiskit_124.csv,1.8587588787078857,sherbrooke
qpeinexact_indep_qiskit_125.csv,2.0200589418411257,sherbrooke
qpeinexact_indep_qiskit_126.csv,2.041140055656433,sherbrooke
qpeinexact_indep_qiskit_127.csv,1.9872833251953126,sherbrooke
qpeinexact_indep_qiskit_2.csv,0.3520838260650635,sherbrooke
qpeinexact_indep_qiskit_3.csv,0.4762722015380859,sherbrooke
qpeinexact_indep_qiskit_30.csv,22.623252511024475,sherbrooke
qpeinexact_indep_qiskit_31.csv,0.48157672882080077,sherbrooke
qpeinexact_indep_qiskit_33.csv,0.6274922370910645,sherbrooke
qpeinexact_indep_qiskit_34.csv,0.5676012992858886,sherbrooke
qpeinexact_indep_qiskit_35.csv,0.4260593891143799,sherbrooke
qpeinexact_indep_qiskit_36.csv,0.5486112833023071,sherbrooke
qpeinexact_indep_qiskit_37.csv,0.589541221,sherbrooke
qpeinexact_indep_qiskit_38.csv,0.7968645811080932,sherbrooke
qpeinexact_indep_qiskit_39.csv,0.6052516460418701,sherbrooke
qpeinexact_indep_qiskit_4.csv,0.38606061935424807,sherbrooke
qpeinexact_indep_qiskit_40.csv,0.6447652578353882,sherbrooke
qpeinexact_indep_qiskit_41.csv,0.5987693548202515,sherbrooke
qpeinexact_indep_qiskit_42.csv,0.6636636257171631,sherbrooke
qpeinexact_indep_qiskit_43.csv,0.8809258937835693,sherbrooke
qpeinexact_indep_qiskit_44.csv,0.6105228900909424,sherbrooke
qpeinexact_indep_qiskit_45.csv,0.6326062440872192,sherbrooke
qpeinexact_indep_qiskit_46.csv,0.5631489992141724,sherbrooke
qpeinexact_indep_qiskit_47.csv,0.6092755794525146,sherbrooke
qpeinexact_indep_qiskit_48.csv,0.6686910390853882,sherbrooke
qpeinexact_indep_qiskit_49.csv,0.6482810497283935,sherbrooke
qpeinexact_indep_qiskit_5.csv,0.34490580558776857,sherbrooke
qpeinexact_indep_qiskit_50.csv,0.6534411430358886,sherbrooke
qpeinexact_indep_qiskit_51.csv,0.7012251853942871,sherbrooke
qpeinexact_indep_qiskit_52.csv,0.6378100872039795,sherbrooke
qpeinexact_indep_qiskit_53.csv,0.7234882593154908,sherbrooke
qpeinexact_indep_qiskit_54.csv,0.7649760007858276,sherbrooke
qpeinexact_indep_qiskit_55.csv,0.9487682342529297,sherbrooke
qpeinexact_indep_qiskit_56.csv,0.7183311462402344,sherbrooke
qpeinexact_indep_qiskit_57.csv,0.7498488187789917,sherbrooke
qpeinexact_indep_qiskit_58.csv,0.7956490993499756,sherbrooke
qpeinexact_indep_qiskit_59.csv,0.9625675201416015,sherbrooke
qpeinexact_indep_qiskit_6.csv,0.3938767671585083,sherbrooke
qpeinexact_indep_qiskit_60.csv,0.7535188436508179,sherbrooke
qpeinexact_indep_qiskit_61.csv,0.7930073976516724,sherbrooke
qpeinexact_indep_qiskit_62.csv,0.8430521011352539,sherbrooke
qpeinexact_indep_qiskit_63.csv,0.9605271577835083,sherbrooke
qpeinexact_indep_qiskit_64.csv,0.75555687,sherbrooke
qpeinexact_indep_qiskit_65.csv,0.8057027101516724,sherbrooke
qpeinexact_indep_qiskit_66.csv,0.8741782665252685,sherbrooke
qpeinexact_indep_qiskit_67.csv,0.9109541893005371,sherbrooke
qpeinexact_indep_qiskit_68.csv,0.850908899,sherbrooke
qpeinexact_indep_qiskit_69.csv,0.8733603477478027,sherbrooke
qpeinexact_indep_qiskit_7.csv,0.7120031833648681,sherbrooke
qpeinexact_indep_qiskit_70.csv,0.852085805,sherbrooke
qpeinexact_indep_qiskit_71.csv,1.0387162923812867,sherbrooke
qpeinexact_indep_qiskit_72.csv,0.9824020862579346,sherbrooke
qpeinexact_indep_qiskit_73.csv,0.8486969470977783,sherbrooke
qpeinexact_indep_qiskit_74.csv,1.036102843284607,sherbrooke
qpeinexact_indep_qiskit_75.csv,0.9468446731567383,sherbrooke
qpeinexact_indep_qiskit_76.csv,0.9946483850479126,sherbrooke
qpeinexact_indep_qiskit_77.csv,0.9514402151107788,sherbrooke
qpeinexact_indep_qiskit_78.csv,1.0161754131317138,sherbrooke
qpeinexact_indep_qiskit_79.csv,1.159149432182312,sherbrooke
qpeinexact_indep_qiskit_8.csv,0.5430082082748413,sherbrooke
qpeinexact_indep_qiskit_80.csv,1.2961164951324462,sherbrooke
qpeinexact_indep_qiskit_81.csv,1.002563238143921,sherbrooke
qpeinexact_indep_qiskit_82.csv,0.9851314783096313,sherbrooke
qpeinexact_indep_qiskit_83.csv,0.9796035528182984,sherbrooke
qpeinexact_indep_qiskit_84.csv,1.0418127536773683,sherbrooke
qpeinexact_indep_qiskit_85.csv,1.102403450012207,sherbrooke
qpeinexact_indep_qiskit_86.csv,1.144209122657776,sherbrooke
qpeinexact_indep_qiskit_87.csv,1.1074045181274415,sherbrooke
qpeinexact_indep_qiskit_88.csv,1.1714025735855103,sherbrooke
qpeinexact_indep_qiskit_89.csv,1.1509680271148681,sherbrooke
qpeinexact_indep_qiskit_9.csv,1.2925121784210205,sherbrooke
qpeinexact_indep_qiskit_90.csv,1.1272924661636352,sherbrooke
qpeinexact_indep_qiskit_91.csv,1.155626606941223,sherbrooke
qpeinexact_indep_qiskit_92.csv,1.2536440372467041,sherbrooke
qpeinexact_indep_qiskit_93.csv,1.2456273078918456,sherbrooke
qpeinexact_indep_qiskit_94.csv,1.2656955480575562,sherbrooke
qpeinexact_indep_qiskit_95.csv,1.7577160358428956,sherbrooke
qpeinexact_indep_qiskit_96.csv,1.4689860343933105,sherbrooke
qpeinexact_indep_qiskit_97.csv,1.3498111486434936,sherbrooke
qpeinexact_indep_qiskit_98.csv,1.281826114654541,sherbrooke
qpeinexact_indep_qiskit_99.csv,1.3831868886947631,sherbrooke
qwalk-noancilla_indep_qiskit_3.csv,0.5312834262847901,sherbrooke
qwalk-noancilla_indep_qiskit_4.csv,0.5325440406799317,sherbrooke
qwalk-noancilla_indep_qiskit_5.csv,0.4344080686569214,sherbrooke
qwalk-noancilla_indep_qiskit_6.csv,0.8821526050567627,sherbrooke
qwalk-noancilla_indep_qiskit_7.csv,4.048413777,sherbrooke
qwalk-noancilla_indep_qiskit_8.csv,10.934936118125915,sherbrooke
qwalk-noancilla_indep_qiskit_9.csv,73.23842692375183,sherbrooke
qwalk-v-chain_indep_qiskit_3.csv,0.4817310333251953,sherbrooke
qwalk-v-chain_indep_qiskit_5.csv,0.516989279,sherbrooke
qwalk-v-chain_indep_qiskit_7.csv,0.9732575178146362,sherbrooke
qwalk-v-chain_indep_qiskit_9.csv,4.624594402313233,sherbrooke
random_indep_qiskit_10.csv,13.810393667221069,sherbrooke
random_indep_qiskit_100.csv,5.722605800628662,sherbrooke
random_indep_qiskit_101.csv,6.277932834625244,sherbrooke
random_indep_qiskit_102.csv,6.187282156944275,sherbrooke
random_indep_qiskit_103.csv,6.273606586456299,sherbrooke
random_indep_qiskit_104.csv,6.370607399940491,sherbrooke
random_indep_qiskit_105.csv,6.637693619728088,sherbrooke
random_indep_qiskit_106.csv,6.668209600448608,sherbrooke
random_indep_qiskit_107.csv,6.783704161643982,sherbrooke
random_indep_qiskit_108.csv,7.054834938049316,sherbrooke
random_indep_qiskit_109.csv,7.242512631416321,sherbrooke
random_indep_qiskit_110.csv,7.530169796943665,sherbrooke
random_indep_qiskit_111.csv,7.641631222,sherbrooke
random_indep_qiskit_112.csv,7.883105325698852,sherbrooke
random_indep_qiskit_113.csv,7.962163568,sherbrooke
random_indep_qiskit_114.csv,8.381373381614685,sherbrooke
random_indep_qiskit_115.csv,8.408027315,sherbrooke
random_indep_qiskit_116.csv,8.521903657913208,sherbrooke
random_indep_qiskit_117.csv,8.547708916664124,sherbrooke
random_indep_qiskit_118.csv,8.792033815383911,sherbrooke
random_indep_qiskit_119.csv,9.135736036,sherbrooke
random_indep_qiskit_120.csv,9.449331259727478,sherbrooke
random_indep_qiskit_121.csv,9.507174611091614,sherbrooke
random_indep_qiskit_122.csv,9.799453139305115,sherbrooke
random_indep_qiskit_123.csv,9.914452981948852,sherbrooke
random_indep_qiskit_124.csv,10.02277204990387,sherbrooke
random_indep_qiskit_125.csv,10.265458035469056,sherbrooke
random_indep_qiskit_126.csv,10.994472360610962,sherbrooke
random_indep_qiskit_127.csv,10.862285494804382,sherbrooke
random_indep_qiskit_2.csv,0.4558405876159668,sherbrooke
random_indep_qiskit_3.csv,0.4653747797012329,sherbrooke
random_indep_qiskit_31.csv,0.608745813,sherbrooke
random_indep_qiskit_32.csv,0.7822908401489258,sherbrooke
random_indep_qiskit_33.csv,0.7092246532440185,sherbrooke
random_indep_qiskit_34.csv,0.7638081789016724,sherbrooke
random_indep_qiskit_35.csv,0.7247645139694214,sherbrooke
random_indep_qiskit_36.csv,0.722022009,sherbrooke
random_indep_qiskit_37.csv,0.8218826532363892,sherbrooke
random_indep_qiskit_38.csv,0.7312208652496338,sherbrooke
random_indep_qiskit_39.csv,0.8552836179733276,sherbrooke
random_indep_qiskit_4.csv,0.4448383808135986,sherbrooke
random_indep_qiskit_40.csv,0.8726258516311646,sherbrooke
random_indep_qiskit_41.csv,0.9690817356109619,sherbrooke
random_indep_qiskit_42.csv,1.0103012323379517,sherbrooke
random_indep_qiskit_43.csv,0.9551940202713013,sherbrooke
random_indep_qiskit_44.csv,1.021631932258606,sherbrooke
random_indep_qiskit_45.csv,1.0236613750457764,sherbrooke
random_indep_qiskit_46.csv,1.158819603919983,sherbrooke
random_indep_qiskit_47.csv,1.5862762689590455,sherbrooke
random_indep_qiskit_48.csv,1.1884931564331054,sherbrooke
random_indep_qiskit_49.csv,1.3101279735565186,sherbrooke
random_indep_qiskit_5.csv,0.36867399215698243,sherbrooke
random_indep_qiskit_50.csv,1.2367838621139526,sherbrooke
random_indep_qiskit_51.csv,1.5280332565307617,sherbrooke
random_indep_qiskit_52.csv,1.2720750093460083,sherbrooke
random_indep_qiskit_53.csv,1.3245088577270507,sherbrooke
random_indep_qiskit_54.csv,1.474747657775879,sherbrooke
random_indep_qiskit_55.csv,1.541106677055359,sherbrooke
random_indep_qiskit_56.csv,1.5295135498046875,sherbrooke
random_indep_qiskit_57.csv,1.5417075872421264,sherbrooke
random_indep_qiskit_58.csv,1.6942976713180542,sherbrooke
random_indep_qiskit_59.csv,1.7365052938461303,sherbrooke
random_indep_qiskit_6.csv,0.35236587524414065,sherbrooke
random_indep_qiskit_60.csv,1.8666072607040405,sherbrooke
random_indep_qiskit_61.csv,1.7801309108734131,sherbrooke
random_indep_qiskit_62.csv,1.933809185028076,sherbrooke
random_indep_qiskit_63.csv,1.9352545261383056,sherbrooke
random_indep_qiskit_64.csv,2.0576438665390016,sherbrooke
random_indep_qiskit_65.csv,2.1270507097244264,sherbrooke
random_indep_qiskit_66.csv,2.0785099267959595,sherbrooke
random_indep_qiskit_67.csv,2.292367148399353,sherbrooke
random_indep_qiskit_68.csv,3.119601678848267,sherbrooke
random_indep_qiskit_69.csv,2.469320511817932,sherbrooke
random_indep_qiskit_7.csv,0.47130908966064455,sherbrooke
random_indep_qiskit_70.csv,2.5934086084365844,sherbrooke
random_indep_qiskit_71.csv,3.0397253751754763,sherbrooke
random_indep_qiskit_72.csv,2.7530120372772218,sherbrooke
random_indep_qiskit_73.csv,2.852000928,sherbrooke
random_indep_qiskit_74.csv,2.823711800575256,sherbrooke
random_indep_qiskit_75.csv,3.151235246658325,sherbrooke
random_indep_qiskit_76.csv,2.9745192766189574,sherbrooke
random_indep_qiskit_77.csv,3.238864374160767,sherbrooke
random_indep_qiskit_78.csv,3.122671341896057,sherbrooke
random_indep_qiskit_79.csv,3.280323291,sherbrooke
random_indep_qiskit_8.csv,0.5897822380065918,sherbrooke
random_indep_qiskit_80.csv,3.350268006324768,sherbrooke
random_indep_qiskit_81.csv,3.421350193023682,sherbrooke
random_indep_qiskit_82.csv,3.5068836212158203,sherbrooke
random_indep_qiskit_83.csv,3.7206505298614503,sherbrooke
random_indep_qiskit_84.csv,4.561526775360107,sherbrooke
random_indep_qiskit_85.csv,3.9180409908294678,sherbrooke
random_indep_qiskit_86.csv,4.022484755516052,sherbrooke
random_indep_qiskit_87.csv,5.1095294713973995,sherbrooke
random_indep_qiskit_88.csv,4.163896966,sherbrooke
random_indep_qiskit_89.csv,4.254858613014221,sherbrooke
random_indep_qiskit_9.csv,1.7279024600982666,sherbrooke
random_indep_qiskit_90.csv,4.448277258872986,sherbrooke
random_indep_qiskit_91.csv,4.550823616981506,sherbrooke
random_indep_qiskit_92.csv,4.658277940750122,sherbrooke
random_indep_qiskit_93.csv,4.774650073051452,sherbrooke
random_indep_qiskit_94.csv,5.0604808807373045,sherbrooke
random_indep_qiskit_95.csv,4.9860128402709964,sherbrooke
random_indep_qiskit_96.csv,5.2518198728561405,sherbrooke
random_indep_qiskit_97.csv,5.316017723083496,sherbrooke
random_indep_qiskit_98.csv,5.590883278846741,sherbrooke
random_indep_qiskit_99.csv,5.652570056915283,sherbrooke
realamprandom_indep_qiskit_10.csv,10.61615960597992,sherbrooke
realamprandom_indep_qiskit_100.csv,2.426351261138916,sherbrooke
realamprandom_indep_qiskit_101.csv,2.619554138183594,sherbrooke
realamprandom_indep_qiskit_102.csv,2.6408098459243776,sherbrooke
realamprandom_indep_qiskit_103.csv,2.587903952598572,sherbrooke
realamprandom_indep_qiskit_104.csv,2.566501569747925,sherbrooke
realamprandom_indep_qiskit_105.csv,2.7221749782562257,sherbrooke
realamprandom_indep_qiskit_106.csv,2.795756530761719,sherbrooke
realamprandom_indep_qiskit_107.csv,3.5286062002182006,sherbrooke
realamprandom_indep_qiskit_108.csv,2.888706088066101,sherbrooke
realamprandom_indep_qiskit_109.csv,2.768830347061157,sherbrooke
realamprandom_indep_qiskit_110.csv,3.514885091781616,sherbrooke
realamprandom_indep_qiskit_111.csv,3.9077087163925173,sherbrooke
realamprandom_indep_qiskit_112.csv,3.775336480140686,sherbrooke
realamprandom_indep_qiskit_113.csv,3.1825565576553343,sherbrooke
realamprandom_indep_qiskit_114.csv,3.174771785736084,sherbrooke
realamprandom_indep_qiskit_115.csv,3.156850504875183,sherbrooke
realamprandom_indep_qiskit_116.csv,3.393825125694275,sherbrooke
realamprandom_indep_qiskit_117.csv,3.463664245605469,sherbrooke
realamprandom_indep_qiskit_118.csv,3.3901476144790648,sherbrooke
realamprandom_indep_qiskit_120.csv,3.5286243200302123,sherbrooke
realamprandom_indep_qiskit_121.csv,3.562389588356018,sherbrooke
realamprandom_indep_qiskit_122.csv,3.481182026863098,sherbrooke
realamprandom_indep_qiskit_123.csv,3.571531391143799,sherbrooke
realamprandom_indep_qiskit_124.csv,3.7111714124679565,sherbrooke
realamprandom_indep_qiskit_125.csv,3.843838429450989,sherbrooke
realamprandom_indep_qiskit_126.csv,3.8531167984008787,sherbrooke
realamprandom_indep_qiskit_2.csv,0.3755932807922363,sherbrooke
realamprandom_indep_qiskit_3.csv,0.40999033451080324,sherbrooke
realamprandom_indep_qiskit_31.csv,0.5486309766769409,sherbrooke
realamprandom_indep_qiskit_32.csv,0.5749650955200195,sherbrooke
realamprandom_indep_qiskit_33.csv,0.5930150508880615,sherbrooke
realamprandom_indep_qiskit_34.csv,0.6300134420394897,sherbrooke
realamprandom_indep_qiskit_35.csv,0.6559432506561279,sherbrooke
realamprandom_indep_qiskit_36.csv,0.7164135456085206,sherbrooke
realamprandom_indep_qiskit_37.csv,0.6855547189712524,sherbrooke
realamprandom_indep_qiskit_38.csv,0.7600208282470703,sherbrooke
realamprandom_indep_qiskit_39.csv,0.6913833141326904,sherbrooke
realamprandom_indep_qiskit_4.csv,0.4231215715408325,sherbrooke
realamprandom_indep_qiskit_40.csv,0.9088234663009643,sherbrooke
realamprandom_indep_qiskit_41.csv,0.7641645669937134,sherbrooke
realamprandom_indep_qiskit_42.csv,0.7667637586593627,sherbrooke
realamprandom_indep_qiskit_43.csv,0.7894436359405518,sherbrooke
realamprandom_indep_qiskit_44.csv,0.7494407653808594,sherbrooke
realamprandom_indep_qiskit_45.csv,0.8145926475524903,sherbrooke
realamprandom_indep_qiskit_46.csv,0.770889401,sherbrooke
realamprandom_indep_qiskit_47.csv,0.832439637,sherbrooke
realamprandom_indep_qiskit_48.csv,0.8206138372421264,sherbrooke
realamprandom_indep_qiskit_49.csv,0.8467636108398438,sherbrooke
realamprandom_indep_qiskit_5.csv,0.3760023593902588,sherbrooke
realamprandom_indep_qiskit_50.csv,0.9410339832305908,sherbrooke
realamprandom_indep_qiskit_51.csv,0.9244617223739624,sherbrooke
realamprandom_indep_qiskit_52.csv,0.8353303432464599,sherbrooke
realamprandom_indep_qiskit_53.csv,0.8937881231307984,sherbrooke
realamprandom_indep_qiskit_54.csv,0.9353506088256835,sherbrooke
realamprandom_indep_qiskit_55.csv,0.9906002044677734,sherbrooke
realamprandom_indep_qiskit_56.csv,1.3535300493240356,sherbrooke
realamprandom_indep_qiskit_57.csv,1.0267898559570312,sherbrooke
realamprandom_indep_qiskit_58.csv,0.9973621368408203,sherbrooke
realamprandom_indep_qiskit_59.csv,1.1167858362197876,sherbrooke
realamprandom_indep_qiskit_6.csv,0.4182805061340332,sherbrooke
realamprandom_indep_qiskit_60.csv,1.1952533006668091,sherbrooke
realamprandom_indep_qiskit_61.csv,1.075018048286438,sherbrooke
realamprandom_indep_qiskit_62.csv,1.0534574031829833,sherbrooke
realamprandom_indep_qiskit_63.csv,1.1891775608062745,sherbrooke
realamprandom_indep_qiskit_64.csv,1.2007321119308472,sherbrooke
realamprandom_indep_qiskit_65.csv,1.1754395484924316,sherbrooke
realamprandom_indep_qiskit_66.csv,1.308400297164917,sherbrooke
realamprandom_indep_qiskit_67.csv,1.2664225101470947,sherbrooke
realamprandom_indep_qiskit_68.csv,1.3051334857940673,sherbrooke
realamprandom_indep_qiskit_69.csv,1.4076967000961305,sherbrooke
realamprandom_indep_qiskit_7.csv,0.7078991889953613,sherbrooke
realamprandom_indep_qiskit_70.csv,1.385256004333496,sherbrooke
realamprandom_indep_qiskit_71.csv,1.4505934238433837,sherbrooke
realamprandom_indep_qiskit_72.csv,1.3986833095550537,sherbrooke
realamprandom_indep_qiskit_73.csv,1.5009438276290894,sherbrooke
realamprandom_indep_qiskit_74.csv,1.4137351036071777,sherbrooke
realamprandom_indep_qiskit_75.csv,1.504419708251953,sherbrooke
realamprandom_indep_qiskit_76.csv,1.5579016923904419,sherbrooke
realamprandom_indep_qiskit_77.csv,1.6198256015777588,sherbrooke
realamprandom_indep_qiskit_78.csv,1.6324100017547607,sherbrooke
realamprandom_indep_qiskit_79.csv,1.9631604433059693,sherbrooke
realamprandom_indep_qiskit_8.csv,0.8384473323822021,sherbrooke
realamprandom_indep_qiskit_80.csv,1.6793115377426147,sherbrooke
realamprandom_indep_qiskit_81.csv,1.6953927516937255,sherbrooke
realamprandom_indep_qiskit_82.csv,1.764535903930664,sherbrooke
realamprandom_indep_qiskit_83.csv,2.2645780563354494,sherbrooke
realamprandom_indep_qiskit_84.csv,1.8642540216445922,sherbrooke
realamprandom_indep_qiskit_85.csv,1.8707729578018188,sherbrooke
realamprandom_indep_qiskit_86.csv,1.8763394355773926,sherbrooke
realamprandom_indep_qiskit_87.csv,1.9024291038513184,sherbrooke
realamprandom_indep_qiskit_88.csv,1.9117876052856446,sherbrooke
realamprandom_indep_qiskit_89.csv,1.934765672683716,sherbrooke
realamprandom_indep_qiskit_9.csv,2.1011234521865845,sherbrooke
realamprandom_indep_qiskit_90.csv,1.9030326366424561,sherbrooke
realamprandom_indep_qiskit_91.csv,2.126260232925415,sherbrooke
realamprandom_indep_qiskit_92.csv,2.0523783922195435,sherbrooke
realamprandom_indep_qiskit_93.csv,2.1633843898773195,sherbrooke
realamprandom_indep_qiskit_94.csv,2.2114110946655274,sherbrooke
realamprandom_indep_qiskit_95.csv,2.631819152832031,sherbrooke
realamprandom_indep_qiskit_96.csv,2.809666371,sherbrooke
realamprandom_indep_qiskit_97.csv,2.370134210586548,sherbrooke
realamprandom_indep_qiskit_98.csv,2.2803837060928345,sherbrooke
realamprandom_indep_qiskit_99.csv,2.460248589515686,sherbrooke
su2random_indep_qiskit_10.csv,4.345670366287232,sherbrooke
su2random_indep_qiskit_100.csv,2.391311430931091,sherbrooke
su2random_indep_qiskit_101.csv,2.456539511680603,sherbrooke
su2random_indep_qiskit_102.csv,2.5703394174575807,sherbrooke
su2random_indep_qiskit_103.csv,3.355394458770752,sherbrooke
su2random_indep_qiskit_104.csv,2.739820933,sherbrooke
su2random_indep_qiskit_105.csv,2.7193399906158446,sherbrooke
su2random_indep_qiskit_106.csv,2.7304765224456786,sherbrooke
su2random_indep_qiskit_107.csv,2.835897207260132,sherbrooke
su2random_indep_qiskit_108.csv,2.742544746398926,sherbrooke
su2random_indep_qiskit_109.csv,3.0008278131484984,sherbrooke
su2random_indep_qiskit_110.csv,2.9619296073913572,sherbrooke
su2random_indep_qiskit_111.csv,3.026013445854187,sherbrooke
su2random_indep_qiskit_112.csv,3.0884732007980347,sherbrooke
su2random_indep_qiskit_113.csv,3.1304033756256104,sherbrooke
su2random_indep_qiskit_114.csv,3.195290207862854,sherbrooke
su2random_indep_qiskit_115.csv,4.258431029319763,sherbrooke
su2random_indep_qiskit_116.csv,3.2497036695480346,sherbrooke
su2random_indep_qiskit_117.csv,3.3303895711898805,sherbrooke
su2random_indep_qiskit_118.csv,3.3525182247161864,sherbrooke
su2random_indep_qiskit_119.csv,4.416963028907776,sherbrooke
su2random_indep_qiskit_120.csv,3.556273579597473,sherbrooke
su2random_indep_qiskit_121.csv,3.4986894369125365,sherbrooke
su2random_indep_qiskit_122.csv,3.5573696851730348,sherbrooke
su2random_indep_qiskit_123.csv,4.148803400993347,sherbrooke
su2random_indep_qiskit_124.csv,3.703403282165527,sherbrooke
su2random_indep_qiskit_125.csv,3.784859061,sherbrooke
su2random_indep_qiskit_126.csv,3.914744329452515,sherbrooke
su2random_indep_qiskit_127.csv,3.955477166175842,sherbrooke
su2random_indep_qiskit_2.csv,0.5003416776657105,sherbrooke
su2random_indep_qiskit_3.csv,0.5691407918930054,sherbrooke
su2random_indep_qiskit_31.csv,0.4957012414932251,sherbrooke
su2random_indep_qiskit_32.csv,0.746427059,sherbrooke
su2random_indep_qiskit_33.csv,0.7366388082504273,sherbrooke
su2random_indep_qiskit_34.csv,0.6130305528640747,sherbrooke
su2random_indep_qiskit_35.csv,0.6148061275482177,sherbrooke
su2random_indep_qiskit_36.csv,0.6439684629440308,sherbrooke
su2random_indep_qiskit_37.csv,0.7004356145858764,sherbrooke
su2random_indep_qiskit_38.csv,0.6902292966842651,sherbrooke
su2random_indep_qiskit_39.csv,0.6557394027709961,sherbrooke
su2random_indep_qiskit_4.csv,0.5022691488265991,sherbrooke
su2random_indep_qiskit_40.csv,0.6034611225128174,sherbrooke
su2random_indep_qiskit_41.csv,0.636327863,sherbrooke
su2random_indep_qiskit_42.csv,0.7579768419265747,sherbrooke
su2random_indep_qiskit_43.csv,0.769890547,sherbrooke
su2random_indep_qiskit_44.csv,0.7880502700805664,sherbrooke
su2random_indep_qiskit_45.csv,0.861591387,sherbrooke
su2random_indep_qiskit_46.csv,0.8605697870254516,sherbrooke
su2random_indep_qiskit_47.csv,0.8267775297164917,sherbrooke
su2random_indep_qiskit_48.csv,0.9087083578109741,sherbrooke
su2random_indep_qiskit_49.csv,0.9632615804672241,sherbrooke
su2random_indep_qiskit_5.csv,0.5101047992706299,sherbrooke
su2random_indep_qiskit_50.csv,0.9366166114807128,sherbrooke
su2random_indep_qiskit_51.csv,0.9913285493850708,sherbrooke
su2random_indep_qiskit_52.csv,0.9350427389144897,sherbrooke
su2random_indep_qiskit_53.csv,1.2240076780319213,sherbrooke
su2random_indep_qiskit_54.csv,1.0460831642150878,sherbrooke
su2random_indep_qiskit_55.csv,1.025464129447937,sherbrooke
su2random_indep_qiskit_56.csv,1.084644365310669,sherbrooke
su2random_indep_qiskit_57.csv,1.000048327445984,sherbrooke
su2random_indep_qiskit_58.csv,1.044262170791626,sherbrooke
su2random_indep_qiskit_59.csv,1.0488012790679933,sherbrooke
su2random_indep_qiskit_6.csv,0.4066016435623169,sherbrooke
su2random_indep_qiskit_60.csv,1.0717282056808473,sherbrooke
su2random_indep_qiskit_61.csv,1.0702484369277954,sherbrooke
su2random_indep_qiskit_62.csv,1.0937980651855468,sherbrooke
su2random_indep_qiskit_63.csv,1.1451267957687379,sherbrooke
su2random_indep_qiskit_64.csv,1.3043243169784546,sherbrooke
su2random_indep_qiskit_65.csv,1.5548061847686767,sherbrooke
su2random_indep_qiskit_66.csv,1.3163054943084718,sherbrooke
su2random_indep_qiskit_67.csv,1.3632072687149048,sherbrooke
su2random_indep_qiskit_68.csv,1.3010337114334107,sherbrooke
su2random_indep_qiskit_69.csv,1.3163828611373902,sherbrooke
su2random_indep_qiskit_7.csv,0.5468594074249268,sherbrooke
su2random_indep_qiskit_70.csv,1.7352479219436645,sherbrooke
su2random_indep_qiskit_71.csv,1.307810378074646,sherbrooke
su2random_indep_qiskit_72.csv,1.4594861030578614,sherbrooke
su2random_indep_qiskit_73.csv,1.612108063697815,sherbrooke
su2random_indep_qiskit_74.csv,1.4497002601623534,sherbrooke
su2random_indep_qiskit_75.csv,1.3659796953201293,sherbrooke
su2random_indep_qiskit_76.csv,1.5975314617156982,sherbrooke
su2random_indep_qiskit_77.csv,1.4843438148498536,sherbrooke
su2random_indep_qiskit_78.csv,1.6171036958694458,sherbrooke
su2random_indep_qiskit_79.csv,1.6832847118377685,sherbrooke
su2random_indep_qiskit_8.csv,0.8549562931060791,sherbrooke
su2random_indep_qiskit_81.csv,1.6837788343429565,sherbrooke
su2random_indep_qiskit_82.csv,1.6606778383255005,sherbrooke
su2random_indep_qiskit_83.csv,1.8187360525131226,sherbrooke
su2random_indep_qiskit_84.csv,1.8440801858901978,sherbrooke
su2random_indep_qiskit_85.csv,1.828137421607971,sherbrooke
su2random_indep_qiskit_86.csv,1.9226805448532105,sherbrooke
su2random_indep_qiskit_87.csv,1.9076785802841187,sherbrooke
su2random_indep_qiskit_88.csv,2.0015780925750732,sherbrooke
su2random_indep_qiskit_89.csv,2.5871663808822634,sherbrooke
su2random_indep_qiskit_9.csv,2.102256703,sherbrooke
su2random_indep_qiskit_90.csv,2.1228796243667603,sherbrooke
su2random_indep_qiskit_91.csv,2.1752824068069456,sherbrooke
su2random_indep_qiskit_92.csv,2.1153522729873657,sherbrooke
su2random_indep_qiskit_93.csv,2.156186556816101,sherbrooke
su2random_indep_qiskit_94.csv,2.163530969619751,sherbrooke
su2random_indep_qiskit_95.csv,2.177555727958679,sherbrooke
su2random_indep_qiskit_96.csv,2.2567285537719726,sherbrooke
su2random_indep_qiskit_97.csv,2.3336447954177855,sherbrooke
su2random_indep_qiskit_98.csv,2.434279465675354,sherbrooke
su2random_indep_qiskit_99.csv,2.3739736557006834,sherbrooke
twolocalrandom_indep_qiskit_10.csv,4.404797506332398,sherbrooke
twolocalrandom_indep_qiskit_100.csv,2.4791794776916505,sherbrooke
twolocalrandom_indep_qiskit_101.csv,2.4356680631637575,sherbrooke
twolocalrandom_indep_qiskit_102.csv,2.525595855712891,sherbrooke
twolocalrandom_indep_qiskit_103.csv,2.5125601291656494,sherbrooke
twolocalrandom_indep_qiskit_104.csv,2.6493056535720827,sherbrooke
twolocalrandom_indep_qiskit_105.csv,2.684191036224365,sherbrooke
twolocalrandom_indep_qiskit_106.csv,2.7663813829421997,sherbrooke
twolocalrandom_indep_qiskit_107.csv,2.829149866104126,sherbrooke
twolocalrandom_indep_qiskit_108.csv,2.7953320264816286,sherbrooke
twolocalrandom_indep_qiskit_109.csv,2.913473368,sherbrooke
twolocalrandom_indep_qiskit_110.csv,2.847611642,sherbrooke
twolocalrandom_indep_qiskit_111.csv,2.8702723026275634,sherbrooke
twolocalrandom_indep_qiskit_112.csv,3.087345314025879,sherbrooke
twolocalrandom_indep_qiskit_113.csv,3.0715372562408447,sherbrooke
twolocalrandom_indep_qiskit_114.csv,3.1656240940093996,sherbrooke
twolocalrandom_indep_qiskit_115.csv,3.180942177772522,sherbrooke
twolocalrandom_indep_qiskit_116.csv,3.2662235260009767,sherbrooke
twolocalrandom_indep_qiskit_117.csv,3.3388364791870115,sherbrooke
twolocalrandom_indep_qiskit_118.csv,3.582380700111389,sherbrooke
twolocalrandom_indep_qiskit_119.csv,4.297368264198303,sherbrooke
twolocalrandom_indep_qiskit_120.csv,3.457177424430847,sherbrooke
twolocalrandom_indep_qiskit_121.csv,3.5649837493896483,sherbrooke
twolocalrandom_indep_qiskit_122.csv,3.586687612533569,sherbrooke
twolocalrandom_indep_qiskit_123.csv,4.6677803754806515,sherbrooke
twolocalrandom_indep_qiskit_124.csv,3.6815188407897947,sherbrooke
twolocalrandom_indep_qiskit_125.csv,3.8981403589248655,sherbrooke
twolocalrandom_indep_qiskit_126.csv,3.8549073934555054,sherbrooke
twolocalrandom_indep_qiskit_127.csv,3.9072196960449217,sherbrooke
twolocalrandom_indep_qiskit_2.csv,0.43058974742889405,sherbrooke
twolocalrandom_indep_qiskit_3.csv,0.340091872,sherbrooke
twolocalrandom_indep_qiskit_31.csv,0.6528267860412598,sherbrooke
twolocalrandom_indep_qiskit_32.csv,0.661126971,sherbrooke
twolocalrandom_indep_qiskit_33.csv,0.5895258665084839,sherbrooke
twolocalrandom_indep_qiskit_34.csv,0.628882623,sherbrooke
twolocalrandom_indep_qiskit_35.csv,0.6014634132385254,sherbrooke
twolocalrandom_indep_qiskit_36.csv,0.8756120920181274,sherbrooke
twolocalrandom_indep_qiskit_37.csv,0.6181995868682861,sherbrooke
twolocalrandom_indep_qiskit_38.csv,0.6441853284835816,sherbrooke
twolocalrandom_indep_qiskit_39.csv,0.7099608898162841,sherbrooke
twolocalrandom_indep_qiskit_4.csv,0.309538746,sherbrooke
twolocalrandom_indep_qiskit_40.csv,0.7355411052703857,sherbrooke
twolocalrandom_indep_qiskit_41.csv,0.801144004,sherbrooke
twolocalrandom_indep_qiskit_42.csv,0.7905439138412476,sherbrooke
twolocalrandom_indep_qiskit_43.csv,0.7533501625061035,sherbrooke
twolocalrandom_indep_qiskit_44.csv,0.8162736654281616,sherbrooke
twolocalrandom_indep_qiskit_45.csv,0.7632997751235961,sherbrooke
twolocalrandom_indep_qiskit_46.csv,0.8389960050582885,sherbrooke
twolocalrandom_indep_qiskit_47.csv,0.8294236421585083,sherbrooke
twolocalrandom_indep_qiskit_48.csv,0.8579904556274414,sherbrooke
twolocalrandom_indep_qiskit_49.csv,0.8268778800964356,sherbrooke
twolocalrandom_indep_qiskit_5.csv,0.47649006843566893,sherbrooke
twolocalrandom_indep_qiskit_50.csv,0.8706469774246216,sherbrooke
twolocalrandom_indep_qiskit_51.csv,0.8587356328964233,sherbrooke
twolocalrandom_indep_qiskit_52.csv,0.9130589246749878,sherbrooke
twolocalrandom_indep_qiskit_53.csv,0.9092489004135131,sherbrooke
twolocalrandom_indep_qiskit_54.csv,1.2653512477874755,sherbrooke
twolocalrandom_indep_qiskit_55.csv,1.0947833061218262,sherbrooke
twolocalrandom_indep_qiskit_56.csv,1.0341891765594482,sherbrooke
twolocalrandom_indep_qiskit_57.csv,1.2074888706207276,sherbrooke
twolocalrandom_indep_qiskit_58.csv,1.0093854665756226,sherbrooke
twolocalrandom_indep_qiskit_59.csv,1.050610327720642,sherbrooke
twolocalrandom_indep_qiskit_6.csv,0.41585161685943606,sherbrooke
twolocalrandom_indep_qiskit_60.csv,1.1144178628921508,sherbrooke
twolocalrandom_indep_qiskit_61.csv,1.3370333433151245,sherbrooke
twolocalrandom_indep_qiskit_62.csv,1.0430182218551636,sherbrooke
twolocalrandom_indep_qiskit_63.csv,1.201624298095703,sherbrooke
twolocalrandom_indep_qiskit_64.csv,1.1611443519592286,sherbrooke
twolocalrandom_indep_qiskit_65.csv,1.190990161895752,sherbrooke
twolocalrandom_indep_qiskit_66.csv,1.2599671125411986,sherbrooke
twolocalrandom_indep_qiskit_67.csv,1.1914174795150756,sherbrooke
twolocalrandom_indep_qiskit_68.csv,1.367722487449646,sherbrooke
twolocalrandom_indep_qiskit_69.csv,1.3083307266235351,sherbrooke
twolocalrandom_indep_qiskit_7.csv,0.5618678092956543,sherbrooke
twolocalrandom_indep_qiskit_70.csv,1.3877196073532105,sherbrooke
twolocalrandom_indep_qiskit_71.csv,1.3511646032333373,sherbrooke
twolocalrandom_indep_qiskit_72.csv,1.3975923299789428,sherbrooke
twolocalrandom_indep_qiskit_73.csv,1.3679431200027465,sherbrooke
twolocalrandom_indep_qiskit_74.csv,1.5090953350067138,sherbrooke
twolocalrandom_indep_qiskit_75.csv,1.4358494520187377,sherbrooke
twolocalrandom_indep_qiskit_76.csv,1.4899116277694702,sherbrooke
twolocalrandom_indep_qiskit_77.csv,1.785819983482361,sherbrooke
twolocalrandom_indep_qiskit_78.csv,1.6698827505111695,sherbrooke
twolocalrandom_indep_qiskit_79.csv,1.6365235805511475,sherbrooke
twolocalrandom_indep_qiskit_8.csv,1.1097234964370728,sherbrooke
twolocalrandom_indep_qiskit_80.csv,1.600832986831665,sherbrooke
twolocalrandom_indep_qiskit_81.csv,1.6947869777679443,sherbrooke
twolocalrandom_indep_qiskit_82.csv,2.0350829124450684,sherbrooke
twolocalrandom_indep_qiskit_83.csv,1.7543480396270752,sherbrooke
twolocalrandom_indep_qiskit_84.csv,1.880275511741638,sherbrooke
twolocalrandom_indep_qiskit_85.csv,1.8013444423675538,sherbrooke
twolocalrandom_indep_qiskit_86.csv,1.9198740005493165,sherbrooke
twolocalrandom_indep_qiskit_87.csv,1.8768102884292603,sherbrooke
twolocalrandom_indep_qiskit_88.csv,1.9734726190567016,sherbrooke
twolocalrandom_indep_qiskit_89.csv,2.069382905960083,sherbrooke
twolocalrandom_indep_qiskit_9.csv,2.050410199165344,sherbrooke
twolocalrandom_indep_qiskit_90.csv,2.1557584524154665,sherbrooke
twolocalrandom_indep_qiskit_91.csv,2.010764980316162,sherbrooke
twolocalrandom_indep_qiskit_92.csv,2.1420119047164916,sherbrooke
twolocalrandom_indep_qiskit_93.csv,2.131415510177612,sherbrooke
twolocalrandom_indep_qiskit_94.csv,2.933344507217407,sherbrooke
twolocalrandom_indep_qiskit_95.csv,2.3499493837356566,sherbrooke
twolocalrandom_indep_qiskit_96.csv,2.3443743705749513,sherbrooke
twolocalrandom_indep_qiskit_97.csv,2.1841039657592773,sherbrooke
twolocalrandom_indep_qiskit_98.csv,2.8561659336090086,sherbrooke
twolocalrandom_indep_qiskit_99.csv,2.4592068672180174,sherbrooke
vqe_indep_qiskit_10.csv,0.643185019,sherbrooke
vqe_indep_qiskit_12.csv,1.432973313331604,sherbrooke
vqe_indep_qiskit_13.csv,2.5769192934036256,sherbrooke
vqe_indep_qiskit_14.csv,4.97280364,sherbrooke
vqe_indep_qiskit_15.csv,4.386415362358093,sherbrooke
vqe_indep_qiskit_16.csv,9.798011350631715,sherbrooke
vqe_indep_qiskit_3.csv,0.499853516,sherbrooke
vqe_indep_qiskit_4.csv,0.44331746101379393,sherbrooke
vqe_indep_qiskit_5.csv,0.39912023544311526,sherbrooke
vqe_indep_qiskit_6.csv,0.41266326904296874,sherbrooke
vqe_indep_qiskit_7.csv,0.4677093982696533,sherbrooke
vqe_indep_qiskit_8.csv,0.5463002681732178,sherbrooke
vqe_indep_qiskit_9.csv,0.5472735404968262,sherbrooke
wstate_indep_qiskit_10.csv,0.6331326246261597,sherbrooke
wstate_indep_qiskit_100.csv,0.4172656536102295,sherbrooke
wstate_indep_qiskit_101.csv,0.48044044971466066,sherbrooke
wstate_indep_qiskit_102.csv,0.41065382957458496,sherbrooke
wstate_indep_qiskit_103.csv,0.68405602,sherbrooke
wstate_indep_qiskit_104.csv,0.4499960422515869,sherbrooke
wstate_indep_qiskit_105.csv,0.4709435701370239,sherbrooke
wstate_indep_qiskit_106.csv,0.37049338817596433,sherbrooke
wstate_indep_qiskit_107.csv,0.4208917379379272,sherbrooke
wstate_indep_qiskit_108.csv,0.49840948581695554,sherbrooke
wstate_indep_qiskit_109.csv,0.47561600208282473,sherbrooke
wstate_indep_qiskit_11.csv,0.825836468,sherbrooke
wstate_indep_qiskit_110.csv,0.4585960626602173,sherbrooke
wstate_indep_qiskit_111.csv,0.39893741607666017,sherbrooke
wstate_indep_qiskit_112.csv,0.47828781604766846,sherbrooke
wstate_indep_qiskit_113.csv,0.40360987186431885,sherbrooke
wstate_indep_qiskit_114.csv,0.5392665863037109,sherbrooke
wstate_indep_qiskit_115.csv,0.6030041694641113,sherbrooke
wstate_indep_qiskit_116.csv,0.4443171739578247,sherbrooke
wstate_indep_qiskit_117.csv,0.48272583484649656,sherbrooke
wstate_indep_qiskit_118.csv,0.42833361625671384,sherbrooke
wstate_indep_qiskit_119.csv,0.7519230604171753,sherbrooke
wstate_indep_qiskit_12.csv,1.367482304573059,sherbrooke
wstate_indep_qiskit_120.csv,0.552145267,sherbrooke
wstate_indep_qiskit_121.csv,0.4170543909072876,sherbrooke
wstate_indep_qiskit_122.csv,0.41084554195404055,sherbrooke
wstate_indep_qiskit_123.csv,0.6404856204986572,sherbrooke
wstate_indep_qiskit_124.csv,0.43432509899139404,sherbrooke
wstate_indep_qiskit_125.csv,0.4811708450317383,sherbrooke
wstate_indep_qiskit_126.csv,0.46509852409362795,sherbrooke
wstate_indep_qiskit_127.csv,0.43969292640686036,sherbrooke
wstate_indep_qiskit_13.csv,2.4668909072875977,sherbrooke
wstate_indep_qiskit_14.csv,5.672593760490417,sherbrooke
wstate_indep_qiskit_15.csv,4.439924407,sherbrooke
wstate_indep_qiskit_2.csv,0.34850051403045657,sherbrooke
wstate_indep_qiskit_3.csv,0.41938612461090086,sherbrooke
wstate_indep_qiskit_30.csv,0.756731653,sherbrooke
wstate_indep_qiskit_31.csv,0.32562932968139646,sherbrooke
wstate_indep_qiskit_32.csv,0.4660248041152954,sherbrooke
wstate_indep_qiskit_33.csv,0.46643738746643065,sherbrooke
wstate_indep_qiskit_34.csv,0.29542510509490966,sherbrooke
wstate_indep_qiskit_35.csv,0.32545630931854247,sherbrooke
wstate_indep_qiskit_36.csv,0.5235593795776368,sherbrooke
wstate_indep_qiskit_37.csv,0.5263849020004272,sherbrooke
wstate_indep_qiskit_38.csv,0.46673614978790284,sherbrooke
wstate_indep_qiskit_39.csv,0.4792875528335571,sherbrooke
wstate_indep_qiskit_4.csv,0.38766000270843504,sherbrooke
wstate_indep_qiskit_40.csv,0.5782813310623169,sherbrooke
wstate_indep_qiskit_41.csv,0.49607272148132325,sherbrooke
wstate_indep_qiskit_42.csv,0.41312029361724856,sherbrooke
wstate_indep_qiskit_43.csv,0.4021012306213379,sherbrooke
wstate_indep_qiskit_44.csv,0.48078997135162355,sherbrooke
wstate_indep_qiskit_45.csv,0.3914891958236694,sherbrooke
wstate_indep_qiskit_46.csv,0.495978856,sherbrooke
wstate_indep_qiskit_47.csv,0.4361919164657593,sherbrooke
wstate_indep_qiskit_48.csv,0.45791289806365965,sherbrooke
wstate_indep_qiskit_49.csv,0.5273801326751709,sherbrooke
wstate_indep_qiskit_5.csv,0.4221456289291382,sherbrooke
wstate_indep_qiskit_50.csv,0.43317012786865233,sherbrooke
wstate_indep_qiskit_51.csv,0.4004445791244507,sherbrooke
wstate_indep_qiskit_52.csv,0.47040657997131347,sherbrooke
wstate_indep_qiskit_53.csv,0.4724976301193237,sherbrooke
wstate_indep_qiskit_54.csv,0.4647837162017822,sherbrooke
wstate_indep_qiskit_55.csv,0.7302261352539062,sherbrooke
wstate_indep_qiskit_56.csv,0.4395770788192749,sherbrooke
wstate_indep_qiskit_57.csv,0.45375068187713624,sherbrooke
wstate_indep_qiskit_58.csv,0.36565680503845216,sherbrooke
wstate_indep_qiskit_59.csv,0.4354133605957031,sherbrooke
wstate_indep_qiskit_6.csv,0.4797060012817383,sherbrooke
wstate_indep_qiskit_60.csv,0.589131212,sherbrooke
wstate_indep_qiskit_61.csv,0.4567455768585205,sherbrooke
wstate_indep_qiskit_62.csv,0.4719198942184448,sherbrooke
wstate_indep_qiskit_63.csv,0.43559219837188723,sherbrooke
wstate_indep_qiskit_64.csv,0.4458576440811157,sherbrooke
wstate_indep_qiskit_65.csv,0.4330075025558472,sherbrooke
wstate_indep_qiskit_66.csv,0.37209720611572267,sherbrooke
wstate_indep_qiskit_67.csv,0.4206882953643799,sherbrooke
wstate_indep_qiskit_68.csv,0.4547668218612671,sherbrooke
wstate_indep_qiskit_69.csv,0.44692952632904054,sherbrooke
wstate_indep_qiskit_7.csv,0.4524883031845093,sherbrooke
wstate_indep_qiskit_70.csv,0.4244014978408813,sherbrooke
wstate_indep_qiskit_71.csv,0.3871893882751465,sherbrooke
wstate_indep_qiskit_72.csv,0.4536617279052734,sherbrooke
wstate_indep_qiskit_73.csv,0.4551617383956909,sherbrooke
wstate_indep_qiskit_74.csv,0.5212279558181763,sherbrooke
wstate_indep_qiskit_75.csv,0.4287943124771118,sherbrooke
wstate_indep_qiskit_76.csv,0.5443493366241455,sherbrooke
wstate_indep_qiskit_77.csv,0.4710389614105225,sherbrooke
wstate_indep_qiskit_78.csv,0.44376397132873535,sherbrooke
wstate_indep_qiskit_79.csv,0.36305787563323977,sherbrooke
wstate_indep_qiskit_8.csv,0.3428947448730469,sherbrooke
wstate_indep_qiskit_80.csv,0.48876614570617677,sherbrooke
wstate_indep_qiskit_81.csv,0.4969855070114136,sherbrooke
wstate_indep_qiskit_82.csv,0.505643892,sherbrooke
wstate_indep_qiskit_83.csv,0.5953646183013916,sherbrooke
wstate_indep_qiskit_84.csv,0.41192307472229006,sherbrooke
wstate_indep_qiskit_85.csv,0.48012239933013917,sherbrooke
wstate_indep_qiskit_86.csv,0.4563449382781982,sherbrooke
wstate_indep_qiskit_87.csv,0.4503119945526123,sherbrooke
wstate_indep_qiskit_88.csv,0.41193716526031493,sherbrooke
wstate_indep_qiskit_89.csv,0.3350829601287842,sherbrooke
wstate_indep_qiskit_9.csv,0.3669360876083374,sherbrooke
wstate_indep_qiskit_90.csv,0.5027266502380371,sherbrooke
wstate_indep_qiskit_91.csv,0.45503065586090086,sherbrooke
wstate_indep_qiskit_92.csv,0.40631282329559326,sherbrooke
wstate_indep_qiskit_93.csv,0.4429368495941162,sherbrooke
wstate_indep_qiskit_94.csv,0.4645357847213745,sherbrooke
wstate_indep_qiskit_95.csv,0.45774331092834475,sherbrooke
wstate_indep_qiskit_96.csv,0.39259161949157717,sherbrooke
wstate_indep_qiskit_97.csv,0.4029252052307129,sherbrooke
wstate_indep_qiskit_98.csv,0.45768425464630125,sherbrooke
wstate_indep_qiskit_99.csv,0.6924318313598633,sherbrooke